timestamp,slave_address,function_code,function_name,address_unit_1,quantity_unit_1,crc_calculated,delta_t
2026-09-13 05:28:18.069,1,6,Write Single Register,321,32,64217,0.474
2026-09-13 05:28:18.097,1,6,Write Single Register,321,32,64217,0.028
2026-09-13 05:28:18.705,1,6,Write Single Register,1272,889,6600,0.034
2026-09-13 05:28:18.731,1,6,Write Single Register,1272,889,6600,0.026
2026-09-13 05:28:28.569,1,6,Write Single Register,321,11,58777,0.474
2026-09-13 05:28:28.597,1,6,Write Single Register,321,11,58777,0.028
2026-09-13 05:28:34.029,1,6,Write Single Register,1261,30,51096,0.435
2026-09-13 05:28:34.055,1,6,Write Single Register,1261,30,51096,0.026
2026-09-13 05:28:35.580,1,6,Write Single Register,321,24,10456,0.97
2026-09-13 05:28:35.606,1,6,Write Single Register,321,24,10456,0.026
2026-09-13 05:28:49.581,1,6,Write Single Register,321,23,11416,0.971
2026-09-13 05:28:49.606,1,6,Write Single Register,321,23,11416,0.025
2026-09-13 05:28:54.204,1,6,Write Single Register,1272,880,7944,0.1
2026-09-13 05:28:54.229,1,6,Write Single Register,1272,880,7944,0.025
2026-09-13 05:29:07.081,1,6,Write Single Register,321,14,58969,0.474
2026-09-13 05:29:07.109,1,6,Write Single Register,321,14,58969,0.028
2026-09-13 05:29:12.072,1,6,Write Single Register,1261,30,51096,0.468
2026-09-13 05:29:12.098,1,6,Write Single Register,1261,30,51096,0.026
2026-09-13 05:29:17.623,1,6,Write Single Register,321,36,14808,0.971
2026-09-13 05:29:17.649,1,6,Write Single Register,321,36,14808,0.026
2026-09-13 05:29:29.170,1,6,Write Single Register,1273,1038,53211,0.023
2026-09-13 05:29:29.196,1,6,Write Single Register,1273,1038,53211,0.026
2026-09-13 05:29:51.022,1,6,Write Single Register,1276,1555,42762,0.374
2026-09-13 05:29:51.047,1,6,Write Single Register,1276,1555,42762,0.025
2026-09-13 05:30:06.624,1,6,Write Single Register,321,49,63001,0.971
2026-09-13 05:30:06.650,1,6,Write Single Register,321,49,63001,0.026
2026-09-13 05:30:07.554,1,6,Write Single Register,1267,312,35704,0.328
2026-09-13 05:30:07.580,1,6,Write Single Register,1267,312,35704,0.026
2026-09-13 05:30:17.124,1,6,Write Single Register,321,45,16152,0.971
2026-09-13 05:30:17.150,1,6,Write Single Register,321,45,16152,0.026
2026-09-13 05:30:27.624,1,6,Write Single Register,321,45,16152,0.97
2026-09-13 05:30:27.650,1,6,Write Single Register,321,45,16152,0.026
2026-09-13 05:30:31.124,1,6,Write Single Register,321,12,10200,0.474
2026-09-13 05:30:31.152,1,6,Write Single Register,321,12,10200,0.028
2026-09-13 05:30:31.811,1,6,Write Single Register,1273,1036,3674,0.085
2026-09-13 05:30:31.837,1,6,Write Single Register,1273,1036,3674,0.026
2026-09-13 05:30:38.124,1,6,Write Single Register,321,47,65177,0.97
2026-09-13 05:30:38.150,1,6,Write Single Register,321,47,65177,0.026
2026-09-13 05:30:53.977,1,6,Write Single Register,1264,114,60424,0.328
2026-09-13 05:30:54.003,1,6,Write Single Register,1264,114,60424,0.026
2026-09-13 05:31:02.625,1,6,Write Single Register,321,37,63769,0.971
2026-09-13 05:31:02.651,1,6,Write Single Register,321,37,63769,0.026
2026-09-13 05:31:06.125,1,6,Write Single Register,321,28,60377,0.474
2026-09-13 05:31:06.153,1,6,Write Single Register,321,28,60377,0.028
2026-09-13 05:31:09.625,1,6,Write Single Register,321,30,10840,0.971
2026-09-13 05:31:09.651,1,6,Write Single Register,321,30,10840,0.026
2026-09-13 05:31:12.585,1,6,Write Single Register,1274,1191,45547,0.431
2026-09-13 05:31:12.611,1,6,Write Single Register,1274,1191,45547,0.026
2026-09-13 05:31:30.637,1,6,Write Single Register,321,17,11800,0.474
2026-09-13 05:31:30.665,1,6,Write Single Register,321,17,11800,0.028
2026-09-13 05:31:31.685,1,6,Write Single Register,1264,113,60744,0.024
2026-09-13 05:31:31.710,1,6,Write Single Register,1264,113,60744,0.025
2026-09-13 05:31:34.137,1,6,Write Single Register,321,30,10840,0.97
2026-09-13 05:31:34.163,1,6,Write Single Register,321,30,10840,0.026
2026-09-13 05:31:41.137,1,6,Write Single Register,321,48,14040,0.97
2026-09-13 05:31:41.163,1,6,Write Single Register,321,48,14040,0.026
2026-09-13 05:31:48.138,1,6,Write Single Register,321,10,9560,0.475
2026-09-13 05:31:48.166,1,6,Write Single Register,321,10,9560,0.028
2026-09-13 05:31:53.197,1,6,Write Single Register,1264,121,11081,0.035
2026-09-13 05:31:53.222,1,6,Write Single Register,1264,121,11081,0.025
2026-09-13 05:32:02.138,1,6,Write Single Register,321,10,9560,0.971
2026-09-13 05:32:02.164,1,6,Write Single Register,321,10,9560,0.026
2026-09-13 05:32:09.138,1,6,Write Single Register,321,22,60505,0.971
2026-09-13 05:32:09.164,1,6,Write Single Register,321,22,60505,0.026
2026-09-13 05:32:11.461,1,6,Write Single Register,1261,24,50456,0.272
2026-09-13 05:32:11.487,1,6,Write Single Register,1261,24,50456,0.026
2026-09-13 05:32:16.138,1,6,Write Single Register,321,29,11032,0.474
2026-09-13 05:32:16.166,1,6,Write Single Register,321,29,11032,0.028
2026-09-13 05:32:31.802,1,6,Write Single Register,1278,1963,34218,0.139
2026-09-13 05:32:31.828,1,6,Write Single Register,1278,1963,34218,0.026
2026-09-13 05:32:44.542,1,6,Write Single Register,321,43,15768,0.971
2026-09-13 05:32:44.568,1,6,Write Single Register,321,43,15768,0.026
2026-09-13 05:32:54.625,1,6,Write Single Register,1262,39,54696,0.554
2026-09-13 05:32:54.651,1,6,Write Single Register,1262,39,54696,0.026
2026-09-13 05:32:58.542,1,6,Write Single Register,321,32,64217,0.971
2026-09-13 05:32:58.568,1,6,Write Single Register,321,32,64217,0.026
2026-09-13 05:33:05.542,1,6,Write Single Register,321,22,60505,0.971
2026-09-13 05:33:05.568,1,6,Write Single Register,321,22,60505,0.026
2026-09-13 05:33:09.042,1,6,Write Single Register,321,22,60505,0.971
2026-09-13 05:33:09.068,1,6,Write Single Register,321,22,60505,0.026
2026-09-13 05:33:12.542,1,6,Write Single Register,321,16,61145,0.97
2026-09-13 05:33:12.568,1,6,Write Single Register,321,16,61145,0.026
2026-09-13 05:33:19.480,1,6,Write Single Register,1265,175,30105,0.412
2026-09-13 05:33:19.508,1,6,Write Single Register,1265,175,30105,0.028
2026-09-13 05:33:33.542,1,6,Write Single Register,321,31,60057,0.97
2026-09-13 05:33:33.568,1,6,Write Single Register,321,31,60057,0.026
2026-09-13 05:33:40.506,1,6,Write Single Register,1276,1552,42570,0.934
2026-09-13 05:33:40.531,1,6,Write Single Register,1276,1552,42570,0.025
2026-09-13 05:33:40.558,1,6,Write Single Register,321,16,61145,0.027
2026-09-13 05:33:40.583,1,6,Write Single Register,321,16,61145,0.025
2026-09-13 05:33:58.057,1,6,Write Single Register,321,40,15576,0.971
2026-09-13 05:33:58.083,1,6,Write Single Register,321,40,15576,0.026
2026-09-13 05:34:05.060,1,6,Write Single Register,1261,26,1177,0.974
2026-09-13 05:34:05.087,1,6,Write Single Register,1261,26,1177,0.027
2026-09-13 05:34:26.057,1,6,Write Single Register,321,43,15768,0.97
2026-09-13 05:34:26.083,1,6,Write Single Register,321,43,15768,0.026
2026-09-13 05:34:28.439,1,6,Write Single Register,1275,1367,42427,0.331
2026-09-13 05:34:28.465,1,6,Write Single Register,1275,1367,42427,0.026
2026-09-13 05:34:33.058,1,6,Write Single Register,321,18,12120,0.971
2026-09-13 05:34:33.083,1,6,Write Single Register,321,18,12120,0.025
2026-09-13 05:34:40.058,1,6,Write Single Register,321,37,63769,0.971
2026-09-13 05:34:40.084,1,6,Write Single Register,321,37,63769,0.026
2026-09-13 05:34:46.135,1,6,Write Single Register,1266,238,17833,0.048
2026-09-13 05:34:46.163,1,6,Write Single Register,1266,238,17833,0.028
2026-09-13 05:35:07.209,1,6,Write Single Register,1271,750,9400,0.122
2026-09-13 05:35:07.236,1,6,Write Single Register,1271,750,9400,0.027
2026-09-13 05:35:30.869,1,6,Write Single Register,1263,74,63544,0.286
2026-09-13 05:35:30.894,1,6,Write Single Register,1263,74,63544,0.025
2026-09-13 05:35:36.059,1,6,Write Single Register,321,20,11736,0.474
2026-09-13 05:35:36.087,1,6,Write Single Register,321,20,11736,0.028
2026-09-13 05:35:43.059,1,6,Write Single Register,321,21,60697,0.474
2026-09-13 05:35:43.087,1,6,Write Single Register,321,21,60697,0.028
2026-09-13 05:35:50.059,1,6,Write Single Register,321,36,14808,0.474
2026-09-13 05:35:50.087,1,6,Write Single Register,321,36,14808,0.028
2026-09-13 05:35:55.816,1,6,Write Single Register,1272,880,7944,0.206
2026-09-13 05:35:55.842,1,6,Write Single Register,1272,880,7944,0.026
2026-09-13 05:36:11.059,1,6,Write Single Register,321,48,14040,0.97
2026-09-13 05:36:11.085,1,6,Write Single Register,321,48,14040,0.026
2026-09-13 05:36:15.607,1,6,Write Single Register,1274,1193,30058,0.024
2026-09-13 05:36:15.633,1,6,Write Single Register,1274,1193,30058,0.026
2026-09-13 05:36:25.060,1,6,Write Single Register,321,17,11800,0.971
2026-09-13 05:36:25.085,1,6,Write Single Register,321,17,11800,0.025
2026-09-13 05:36:28.560,1,6,Write Single Register,321,32,64217,0.475
2026-09-13 05:36:28.587,1,6,Write Single Register,321,32,64217,0.027
2026-09-13 05:36:31.119,1,6,Write Single Register,1261,31,1881,0.03
2026-09-13 05:36:31.144,1,6,Write Single Register,1261,31,1881,0.025
2026-09-13 05:36:32.060,1,6,Write Single Register,321,31,60057,0.916
2026-09-13 05:36:32.086,1,6,Write Single Register,321,31,60057,0.026
2026-09-13 05:36:42.560,1,6,Write Single Register,321,18,12120,0.474
2026-09-13 05:36:42.588,1,6,Write Single Register,321,18,12120,0.028
2026-09-13 05:36:51.147,1,6,Write Single Register,1262,49,6953,0.062
2026-09-13 05:36:51.173,1,6,Write Single Register,1262,49,6953,0.026
2026-09-13 05:37:10.803,1,6,Write Single Register,1265,168,47064,0.126
2026-09-13 05:37:10.829,1,6,Write Single Register,1265,168,47064,0.026
2026-09-13 05:37:11.647,1,6,Write Single Register,321,31,60057,0.818
2026-09-13 05:37:11.674,1,6,Write Single Register,321,31,60057,0.027
2026-09-13 05:37:15.147,1,6,Write Single Register,321,43,15768,0.97
2026-09-13 05:37:15.173,1,6,Write Single Register,321,43,15768,0.026
2026-09-13 05:37:25.984,1,6,Write Single Register,1280,2425,46158,1.307
2026-09-13 05:37:26.011,1,6,Write Single Register,1280,2425,46158,0.027
2026-09-13 05:37:29.148,1,6,Write Single Register,321,21,60697,0.474
2026-09-13 05:37:29.176,1,6,Write Single Register,321,21,60697,0.028
2026-09-13 05:37:32.648,1,6,Write Single Register,321,20,11736,0.474
2026-09-13 05:37:32.676,1,6,Write Single Register,321,20,11736,0.028
2026-09-13 05:37:43.148,1,6,Write Single Register,321,17,11800,0.474
2026-09-13 05:37:43.176,1,6,Write Single Register,321,17,11800,0.028
2026-09-13 05:37:45.971,1,6,Write Single Register,1268,401,13321,0.294
2026-09-13 05:37:45.997,1,6,Write Single Register,1268,401,13321,0.026
2026-09-13 05:37:57.148,1,6,Write Single Register,321,48,14040,0.97
2026-09-13 05:37:57.174,1,6,Write Single Register,321,48,14040,0.026
2026-09-13 05:38:00.648,1,6,Write Single Register,321,49,63001,0.97
2026-09-13 05:38:00.674,1,6,Write Single Register,321,49,63001,0.026
2026-09-13 05:38:04.628,1,6,Write Single Register,1280,2418,29455,1.45
2026-09-13 05:38:04.654,1,6,Write Single Register,1280,2418,29455,0.026
2026-09-13 05:38:07.680,1,6,Write Single Register,321,41,64537,0.474
2026-09-13 05:38:07.708,1,6,Write Single Register,321,41,64537,0.028
2026-09-13 05:38:14.681,1,6,Write Single Register,321,25,59417,0.971
2026-09-13 05:38:14.706,1,6,Write Single Register,321,25,59417,0.025
2026-09-13 05:38:22.147,1,6,Write Single Register,1273,1031,51483,1.437
2026-09-13 05:38:22.173,1,6,Write Single Register,1273,1031,51483,0.026
2026-09-13 05:38:32.199,1,6,Write Single Register,321,25,59417,0.971
2026-09-13 05:38:32.225,1,6,Write Single Register,321,25,59417,0.026
2026-09-13 05:38:42.699,1,6,Write Single Register,321,32,64217,0.971
2026-09-13 05:38:42.725,1,6,Write Single Register,321,32,64217,0.026
2026-09-13 05:38:43.949,1,6,Write Single Register,1264,113,60744,0.226
2026-09-13 05:38:43.975,1,6,Write Single Register,1264,113,60744,0.026
2026-09-13 05:38:46.199,1,6,Write Single Register,321,25,59417,0.97
2026-09-13 05:38:46.225,1,6,Write Single Register,321,25,59417,0.026
2026-09-13 05:38:53.199,1,6,Write Single Register,321,12,10200,0.97
2026-09-13 05:38:53.225,1,6,Write Single Register,321,12,10200,0.026
2026-09-13 05:38:56.699,1,6,Write Single Register,321,15,9880,0.474
2026-09-13 05:38:56.727,1,6,Write Single Register,321,15,9880,0.028
2026-09-13 05:38:59.691,1,6,Write Single Register,1264,114,60424,0.462
2026-09-13 05:38:59.717,1,6,Write Single Register,1264,114,60424,0.026
2026-09-13 05:39:00.242,1,6,Write Single Register,321,13,59161,0.525
2026-09-13 05:39:00.268,1,6,Write Single Register,321,13,59161,0.026
2026-09-13 05:39:15.658,1,6,Write Single Register,1261,23,49496,0.392
2026-09-13 05:39:15.685,1,6,Write Single Register,1261,23,49496,0.027
2026-09-13 05:39:24.743,1,6,Write Single Register,321,42,64857,0.474
2026-09-13 05:39:24.771,1,6,Write Single Register,321,42,64857,0.028
2026-09-13 05:39:34.646,1,6,Write Single Register,1267,315,35384,0.374
2026-09-13 05:39:34.672,1,6,Write Single Register,1267,315,35384,0.026
2026-09-13 05:39:35.243,1,6,Write Single Register,321,46,15960,0.571
2026-09-13 05:39:35.269,1,6,Write Single Register,321,46,15960,0.026
2026-09-13 05:39:38.743,1,6,Write Single Register,321,48,14040,0.971
2026-09-13 05:39:38.769,1,6,Write Single Register,321,48,14040,0.026
2026-09-13 05:39:51.928,1,6,Write Single Register,1263,73,63864,0.155
2026-09-13 05:39:51.954,1,6,Write Single Register,1263,73,63864,0.026
2026-09-13 05:39:52.743,1,6,Write Single Register,321,14,58969,0.789
2026-09-13 05:39:52.769,1,6,Write Single Register,321,14,58969,0.026
2026-09-13 05:40:11.015,1,6,Write Single Register,1264,118,12041,0.169
2026-09-13 05:40:11.041,1,6,Write Single Register,1264,118,12041,0.026
2026-09-13 05:40:24.244,1,6,Write Single Register,321,34,15192,0.474
2026-09-13 05:40:24.272,1,6,Write Single Register,321,34,15192,0.028
2026-09-13 05:40:27.744,1,6,Write Single Register,321,22,60505,0.474
2026-09-13 05:40:27.772,1,6,Write Single Register,321,22,60505,0.028
2026-09-13 05:40:29.908,1,6,Write Single Register,1277,1756,13083,0.113
2026-09-13 05:40:29.934,1,6,Write Single Register,1277,1756,13083,0.026
2026-09-13 05:40:34.744,1,6,Write Single Register,321,22,60505,0.97
2026-09-13 05:40:34.770,1,6,Write Single Register,321,22,60505,0.026
2026-09-13 05:40:41.744,1,6,Write Single Register,321,20,11736,0.97
2026-09-13 05:40:41.770,1,6,Write Single Register,321,20,11736,0.026
2026-09-13 05:40:45.900,1,6,Write Single Register,1261,25,1497,0.054
2026-09-13 05:40:45.926,1,6,Write Single Register,1261,25,1497,0.026
2026-09-13 05:40:48.745,1,6,Write Single Register,321,46,15960,0.971
2026-09-13 05:40:48.770,1,6,Write Single Register,321,46,15960,0.025
2026-09-13 05:40:55.745,1,6,Write Single Register,321,15,9880,0.475
2026-09-13 05:40:55.772,1,6,Write Single Register,321,15,9880,0.027
2026-09-13 05:40:59.245,1,6,Write Single Register,321,32,64217,0.971
2026-09-13 05:40:59.271,1,6,Write Single Register,321,32,64217,0.026
2026-09-13 05:41:08.575,1,6,Write Single Register,1276,1552,42570,0.279
2026-09-13 05:41:08.601,1,6,Write Single Register,1276,1552,42570,0.026
2026-09-13 05:41:09.745,1,6,Write Single Register,321,31,60057,0.971
2026-09-13 05:41:09.771,1,6,Write Single Register,321,31,60057,0.026
2026-09-13 05:41:13.552,1,6,Write Single Register,321,31,60057,0.971
2026-09-13 05:41:13.578,1,6,Write Single Register,321,31,60057,0.026
2026-09-13 05:41:27.552,1,6,Write Single Register,321,29,11032,0.97
2026-09-13 05:41:27.578,1,6,Write Single Register,321,29,11032,0.026
2026-09-13 05:41:32.270,1,6,Write Single Register,1261,31,1881,0.194
2026-09-13 05:41:32.297,1,6,Write Single Register,1261,31,1881,0.027
2026-09-13 05:41:48.553,1,6,Write Single Register,321,28,60377,0.971
2026-09-13 05:41:48.579,1,6,Write Single Register,321,28,60377,0.026
2026-09-13 05:41:51.048,1,6,Write Single Register,1263,72,14777,0.444
2026-09-13 05:41:51.074,1,6,Write Single Register,1263,72,14777,0.026
2026-09-13 05:42:09.600,1,6,Write Single Register,321,18,12120,0.971
2026-09-13 05:42:09.626,1,6,Write Single Register,321,18,12120,0.026
2026-09-13 05:42:15.491,1,6,Write Single Register,1274,1198,46891,0.34
2026-09-13 05:42:15.518,1,6,Write Single Register,1274,1198,46891,0.027
2026-09-13 05:42:16.600,1,6,Write Single Register,321,12,10200,0.474
2026-09-13 05:42:16.628,1,6,Write Single Register,321,12,10200,0.028
2026-09-13 05:42:20.100,1,6,Write Single Register,321,10,9560,0.97
2026-09-13 05:42:20.126,1,6,Write Single Register,321,10,9560,0.026
2026-09-13 05:42:23.600,1,6,Write Single Register,321,44,65497,0.474
2026-09-13 05:42:23.628,1,6,Write Single Register,321,44,65497,0.028
2026-09-13 05:42:27.100,1,6,Write Single Register,321,39,14488,0.97
2026-09-13 05:42:27.126,1,6,Write Single Register,321,39,14488,0.026
2026-09-13 05:42:30.600,1,6,Write Single Register,321,44,65497,0.97
2026-09-13 05:42:30.626,1,6,Write Single Register,321,44,65497,0.026
2026-09-13 05:42:35.251,1,6,Write Single Register,1265,173,46104,0.127
2026-09-13 05:42:35.277,1,6,Write Single Register,1265,173,46104,0.026
2026-09-13 05:42:37.601,1,6,Write Single Register,321,12,10200,0.971
2026-09-13 05:42:37.627,1,6,Write Single Register,321,12,10200,0.026
2026-09-13 05:42:41.101,1,6,Write Single Register,321,33,14872,0.971
2026-09-13 05:42:41.127,1,6,Write Single Register,321,33,14872,0.026
2026-09-13 05:42:44.601,1,6,Write Single Register,321,11,58777,0.971
2026-09-13 05:42:44.627,1,6,Write Single Register,321,11,58777,0.026
2026-09-13 05:42:59.456,1,6,Write Single Register,1266,239,34152,0.253
2026-09-13 05:42:59.482,1,6,Write Single Register,1266,239,34152,0.026
2026-09-13 05:43:12.601,1,6,Write Single Register,321,18,12120,0.97
2026-09-13 05:43:12.627,1,6,Write Single Register,321,18,12120,0.026
2026-09-13 05:43:18.077,1,6,Write Single Register,1275,1373,41531,0.451
2026-09-13 05:43:18.103,1,6,Write Single Register,1275,1373,41531,0.026
2026-09-13 05:43:38.276,1,6,Write Single Register,1269,511,6361,0.123
2026-09-13 05:43:38.302,1,6,Write Single Register,1269,511,6361,0.026
2026-09-13 05:44:01.630,1,6,Write Single Register,321,30,10840,0.474
2026-09-13 05:44:01.658,1,6,Write Single Register,321,30,10840,0.028
2026-09-13 05:44:02.007,1,6,Write Single Register,1278,1969,20011,0.349
2026-09-13 05:44:02.035,1,6,Write Single Register,1278,1969,20011,0.028
2026-09-13 05:44:19.276,1,6,Write Single Register,1280,2425,46158,1.116
2026-09-13 05:44:19.301,1,6,Write Single Register,1280,2425,46158,0.025
2026-09-13 05:44:22.631,1,6,Write Single Register,321,35,64409,0.971
2026-09-13 05:44:22.657,1,6,Write Single Register,321,35,64409,0.026
2026-09-13 05:44:26.131,1,6,Write Single Register,321,30,10840,0.971
2026-09-13 05:44:26.157,1,6,Write Single Register,321,30,10840,0.026
2026-09-13 05:44:33.131,1,6,Write Single Register,321,31,60057,0.474
2026-09-13 05:44:33.159,1,6,Write Single Register,321,31,60057,0.028
2026-09-13 05:44:39.712,1,6,Write Single Register,1277,1753,12507,0.552
2026-09-13 05:44:39.738,1,6,Write Single Register,1277,1753,12507,0.026
2026-09-13 05:44:40.131,1,6,Write Single Register,321,25,59417,0.393
2026-09-13 05:44:40.157,1,6,Write Single Register,321,25,59417,0.026
2026-09-13 05:44:50.631,1,6,Write Single Register,321,32,64217,0.971
2026-09-13 05:44:50.657,1,6,Write Single Register,321,32,64217,0.026
2026-09-13 05:44:54.131,1,6,Write Single Register,321,42,64857,0.971
2026-09-13 05:44:54.157,1,6,Write Single Register,321,42,64857,0.026
2026-09-13 05:44:59.273,1,6,Write Single Register,1266,235,18025,0.117
2026-09-13 05:44:59.299,1,6,Write Single Register,1266,235,18025,0.026
2026-09-13 05:45:01.131,1,6,Write Single Register,321,22,60505,0.97
2026-09-13 05:45:01.157,1,6,Write Single Register,321,22,60505,0.026
2026-09-13 05:45:11.632,1,6,Write Single Register,321,28,60377,0.474
2026-09-13 05:45:11.660,1,6,Write Single Register,321,28,60377,0.028
2026-09-13 05:45:18.154,1,6,Write Single Register,1277,1756,13083,0.493
2026-09-13 05:45:18.180,1,6,Write Single Register,1277,1756,13083,0.026
2026-09-13 05:45:25.632,1,6,Write Single Register,321,15,9880,0.971
2026-09-13 05:45:25.658,1,6,Write Single Register,321,15,9880,0.026
2026-09-13 05:45:29.132,1,6,Write Single Register,321,46,15960,0.971
2026-09-13 05:45:29.158,1,6,Write Single Register,321,46,15960,0.026
2026-09-13 05:45:37.219,1,6,Write Single Register,321,40,15576,0.474
2026-09-13 05:45:37.247,1,6,Write Single Register,321,40,15576,0.028
2026-09-13 05:45:39.331,1,6,Write Single Register,1265,165,29209,0.061
2026-09-13 05:45:39.357,1,6,Write Single Register,1265,165,29209,0.026
2026-09-13 05:45:55.011,1,6,Write Single Register,1267,313,19385,1.262
2026-09-13 05:45:55.037,1,6,Write Single Register,1267,313,19385,0.026
2026-09-13 05:46:19.856,1,6,Write Single Register,1275,1371,41147,0.034
2026-09-13 05:46:19.882,1,6,Write Single Register,1275,1371,41147,0.026
2026-09-13 05:46:26.220,1,6,Write Single Register,321,11,58777,0.474
2026-09-13 05:46:26.248,1,6,Write Single Register,321,11,58777,0.028
2026-09-13 05:46:29.720,1,6,Write Single Register,321,49,63001,0.971
2026-09-13 05:46:29.746,1,6,Write Single Register,321,49,63001,0.026
2026-09-13 05:46:37.037,1,6,Write Single Register,1261,31,1881,1.288
2026-09-13 05:46:37.063,1,6,Write Single Register,1261,31,1881,0.026
2026-09-13 05:46:43.720,1,6,Write Single Register,321,26,59737,0.97
2026-09-13 05:46:43.746,1,6,Write Single Register,321,26,59737,0.026
2026-09-13 05:46:57.721,1,6,Write Single Register,321,13,59161,0.971
2026-09-13 05:46:57.746,1,6,Write Single Register,321,13,59161,0.025
2026-09-13 05:46:57.773,1,6,Write Single Register,1280,2421,45390,0.027
2026-09-13 05:46:57.798,1,6,Write Single Register,1280,2421,45390,0.025
2026-09-13 05:47:04.721,1,6,Write Single Register,321,20,11736,0.475
2026-09-13 05:47:04.748,1,6,Write Single Register,321,20,11736,0.027
2026-09-13 05:47:08.221,1,6,Write Single Register,321,27,10648,0.971
2026-09-13 05:47:08.247,1,6,Write Single Register,321,27,10648,0.026
2026-09-13 05:47:11.721,1,6,Write Single Register,321,43,15768,0.971
2026-09-13 05:47:11.747,1,6,Write Single Register,321,43,15768,0.026
2026-09-13 05:47:14.435,1,6,Write Single Register,1263,72,14777,0.185
2026-09-13 05:47:14.461,1,6,Write Single Register,1263,72,14777,0.026
2026-09-13 05:47:32.721,1,6,Write Single Register,321,43,15768,0.971
2026-09-13 05:47:32.747,1,6,Write Single Register,321,43,15768,0.026
2026-09-13 05:47:39.128,1,6,Write Single Register,1267,311,36664,0.377
2026-09-13 05:47:39.154,1,6,Write Single Register,1267,311,36664,0.026
2026-09-13 05:47:50.222,1,6,Write Single Register,321,26,59737,0.971
2026-09-13 05:47:50.248,1,6,Write Single Register,321,26,59737,0.026
2026-09-13 05:47:59.545,1,6,Write Single Register,1268,402,13641,0.272
2026-09-13 05:47:59.571,1,6,Write Single Register,1268,402,13641,0.026
2026-09-13 05:48:00.722,1,6,Write Single Register,321,37,63769,0.971
2026-09-13 05:48:00.748,1,6,Write Single Register,321,37,63769,0.026
2026-09-13 05:48:04.222,1,6,Write Single Register,321,31,60057,0.971
2026-09-13 05:48:04.248,1,6,Write Single Register,321,31,60057,0.026
2026-09-13 05:48:07.722,1,6,Write Single Register,321,41,64537,0.971
2026-09-13 05:48:07.748,1,6,Write Single Register,321,41,64537,0.026
2026-09-13 05:48:18.222,1,6,Write Single Register,321,20,11736,0.971
2026-09-13 05:48:18.248,1,6,Write Single Register,321,20,11736,0.026
2026-09-13 05:48:23.885,1,6,Write Single Register,1273,1030,2522,0.112
2026-09-13 05:48:23.911,1,6,Write Single Register,1273,1030,2522,0.026
2026-09-13 05:48:46.107,1,6,Write Single Register,1272,884,56329,0.855
2026-09-13 05:48:46.132,1,6,Write Single Register,1272,884,56329,0.025
2026-09-13 05:49:00.223,1,6,Write Single Register,321,12,10200,0.971
2026-09-13 05:49:00.249,1,6,Write Single Register,321,12,10200,0.026
2026-09-13 05:49:03.723,1,6,Write Single Register,321,21,60697,0.971
2026-09-13 05:49:03.749,1,6,Write Single Register,321,21,60697,0.026
2026-09-13 05:49:08.783,1,6,Write Single Register,1265,174,46424,0.035
2026-09-13 05:49:08.809,1,6,Write Single Register,1265,174,46424,0.026
2026-09-13 05:49:10.723,1,6,Write Single Register,321,22,60505,0.474
2026-09-13 05:49:10.751,1,6,Write Single Register,321,22,60505,0.028
2026-09-13 05:49:26.586,1,6,Write Single Register,1264,116,61064,0.338
2026-09-13 05:49:26.612,1,6,Write Single Register,1264,116,61064,0.026
2026-09-13 05:49:42.224,1,6,Write Single Register,321,13,59161,0.971
2026-09-13 05:49:42.250,1,6,Write Single Register,321,13,59161,0.026
2026-09-13 05:49:43.471,1,6,Write Single Register,1273,1039,3866,0.224
2026-09-13 05:49:43.497,1,6,Write Single Register,1273,1039,3866,0.026
2026-09-13 05:49:52.724,1,6,Write Single Register,321,21,60697,0.971
2026-09-13 05:49:52.750,1,6,Write Single Register,321,21,60697,0.026
2026-09-13 05:49:56.224,1,6,Write Single Register,321,21,60697,0.971
2026-09-13 05:49:56.250,1,6,Write Single Register,321,21,60697,0.026
2026-09-13 05:50:06.869,1,6,Write Single Register,1272,887,56649,0.35
2026-09-13 05:50:06.896,1,6,Write Single Register,1272,887,56649,0.027
2026-09-13 05:50:20.993,1,6,Write Single Register,321,37,63769,0.97
2026-09-13 05:50:21.019,1,6,Write Single Register,321,37,63769,0.026
2026-09-13 05:50:27.994,1,6,Write Single Register,321,41,64537,0.971
2026-09-13 05:50:28.020,1,6,Write Single Register,321,41,64537,0.026
2026-09-13 05:50:28.710,1,6,Write Single Register,1268,408,13001,0.114
2026-09-13 05:50:28.735,1,6,Write Single Register,1268,408,13001,0.025
2026-09-13 05:50:38.494,1,6,Write Single Register,321,24,10456,0.474
2026-09-13 05:50:38.522,1,6,Write Single Register,321,24,10456,0.028
2026-09-13 05:50:52.871,1,6,Write Single Register,1272,881,57289,1.348
2026-09-13 05:50:52.898,1,6,Write Single Register,1272,881,57289,0.027
2026-09-13 05:51:06.494,1,6,Write Single Register,321,23,11416,0.97
2026-09-13 05:51:06.520,1,6,Write Single Register,321,23,11416,0.026
2026-09-13 05:51:14.587,1,6,Write Single Register,1267,318,35320,0.069
2026-09-13 05:51:14.612,1,6,Write Single Register,1267,318,35320,0.025
2026-09-13 05:51:23.995,1,6,Write Single Register,321,35,64409,0.474
2026-09-13 05:51:24.023,1,6,Write Single Register,321,35,64409,0.028
2026-09-13 05:51:27.495,1,6,Write Single Register,321,18,12120,0.971
2026-09-13 05:51:27.521,1,6,Write Single Register,321,18,12120,0.026
2026-09-13 05:51:31.096,1,6,Write Single Register,1273,1036,3674,1.072
2026-09-13 05:51:31.122,1,6,Write Single Register,1273,1036,3674,0.026
2026-09-13 05:51:48.495,1,6,Write Single Register,321,44,65497,0.97
2026-09-13 05:51:48.521,1,6,Write Single Register,321,44,65497,0.026
2026-09-13 05:51:54.442,1,6,Write Single Register,1266,234,34472,0.396
2026-09-13 05:51:54.468,1,6,Write Single Register,1266,234,34472,0.026
2026-09-13 05:52:13.632,1,6,Write Single Register,1274,1191,45547,0.034
2026-09-13 05:52:13.658,1,6,Write Single Register,1274,1191,45547,0.026
2026-09-13 05:52:19.996,1,6,Write Single Register,321,21,60697,0.971
2026-09-13 05:52:20.022,1,6,Write Single Register,321,21,60697,0.026
2026-09-13 05:52:33.894,1,6,Write Single Register,1278,1969,20011,0.372
2026-09-13 05:52:33.920,1,6,Write Single Register,1278,1969,20011,0.026
2026-09-13 05:52:40.996,1,6,Write Single Register,321,34,15192,0.97
2026-09-13 05:52:41.022,1,6,Write Single Register,321,34,15192,0.026
2026-09-13 05:52:50.764,1,6,Write Single Register,1266,240,19753,0.238
2026-09-13 05:52:50.790,1,6,Write Single Register,1266,240,19753,0.026
2026-09-13 05:52:51.496,1,6,Write Single Register,321,45,16152,0.474
2026-09-13 05:52:51.524,1,6,Write Single Register,321,45,16152,0.028
2026-09-13 05:52:58.497,1,6,Write Single Register,321,20,11736,0.475
2026-09-13 05:52:58.524,1,6,Write Single Register,321,20,11736,0.027
2026-09-13 05:53:06.782,1,6,Write Single Register,1275,1373,41531,0.262
2026-09-13 05:53:06.807,1,6,Write Single Register,1275,1373,41531,0.025
2026-09-13 05:53:22.784,1,6,Write Single Register,1267,313,19385,0.261
2026-09-13 05:53:22.810,1,6,Write Single Register,1267,313,19385,0.026
2026-09-13 05:53:22.997,1,6,Write Single Register,321,19,61337,0.187
2026-09-13 05:53:23.023,1,6,Write Single Register,321,19,61337,0.026
2026-09-13 05:53:26.497,1,6,Write Single Register,321,12,10200,0.971
2026-09-13 05:53:26.523,1,6,Write Single Register,321,12,10200,0.026
2026-09-13 05:53:29.997,1,6,Write Single Register,321,32,64217,0.97
2026-09-13 05:53:30.023,1,6,Write Single Register,321,32,64217,0.026
2026-09-13 05:53:33.497,1,6,Write Single Register,321,13,59161,0.474
2026-09-13 05:53:33.525,1,6,Write Single Register,321,13,59161,0.028
2026-09-13 05:53:41.545,1,6,Write Single Register,1270,625,36009,0.024
2026-09-13 05:53:41.571,1,6,Write Single Register,1270,625,36009,0.026
2026-09-13 05:53:43.997,1,6,Write Single Register,321,26,59737,0.97
2026-09-13 05:53:44.023,1,6,Write Single Register,321,26,59737,0.026
2026-09-13 05:53:58.399,1,6,Write Single Register,1267,315,35384,1.372
2026-09-13 05:53:58.425,1,6,Write Single Register,1267,315,35384,0.026
2026-09-13 05:54:04.998,1,6,Write Single Register,321,44,65497,0.474
2026-09-13 05:54:05.026,1,6,Write Single Register,321,44,65497,0.028
2026-09-13 05:54:08.498,1,6,Write Single Register,321,48,14040,0.971
2026-09-13 05:54:08.524,1,6,Write Single Register,321,48,14040,0.026
2026-09-13 05:54:15.498,1,6,Write Single Register,321,33,14872,0.971
2026-09-13 05:54:15.524,1,6,Write Single Register,321,33,14872,0.026
2026-09-13 05:54:22.465,1,6,Write Single Register,1272,880,7944,0.619
2026-09-13 05:54:22.493,1,6,Write Single Register,1272,880,7944,0.028
2026-09-13 05:54:29.816,1,6,Write Single Register,321,20,11736,0.97
2026-09-13 05:54:29.842,1,6,Write Single Register,321,20,11736,0.026
2026-09-13 05:54:33.316,1,6,Write Single Register,321,32,64217,0.474
2026-09-13 05:54:33.344,1,6,Write Single Register,321,32,64217,0.028
2026-09-13 05:54:36.816,1,6,Write Single Register,321,16,61145,0.97
2026-09-13 05:54:36.842,1,6,Write Single Register,321,16,61145,0.026
2026-09-13 05:54:40.317,1,6,Write Single Register,321,20,11736,0.475
2026-09-13 05:54:40.344,1,6,Write Single Register,321,20,11736,0.027
2026-09-13 05:54:43.103,1,6,Write Single Register,1273,1038,53211,0.257
2026-09-13 05:54:43.130,1,6,Write Single Register,1273,1038,53211,0.027
2026-09-13 05:54:57.817,1,6,Write Single Register,321,12,10200,0.474
2026-09-13 05:54:57.845,1,6,Write Single Register,321,12,10200,0.028
2026-09-13 05:55:01.953,1,6,Write Single Register,1262,43,53416,0.034
2026-09-13 05:55:01.979,1,6,Write Single Register,1262,43,53416,0.026
2026-09-13 05:55:19.054,1,6,Write Single Register,1266,233,34792,1.207
2026-09-13 05:55:19.080,1,6,Write Single Register,1266,233,34792,0.026
2026-09-13 05:55:29.317,1,6,Write Single Register,321,36,14808,0.97
2026-09-13 05:55:29.343,1,6,Write Single Register,321,36,14808,0.026
2026-09-13 05:55:36.318,1,6,Write Single Register,321,20,11736,0.475
2026-09-13 05:55:36.345,1,6,Write Single Register,321,20,11736,0.027
2026-09-13 05:55:39.818,1,6,Write Single Register,321,28,60377,0.971
2026-09-13 05:55:39.844,1,6,Write Single Register,321,28,60377,0.026
2026-09-13 05:55:41.239,1,6,Write Single Register,1269,506,6937,0.398
2026-09-13 05:55:41.265,1,6,Write Single Register,1269,506,6937,0.026
2026-09-13 05:55:43.318,1,6,Write Single Register,321,10,9560,0.971
2026-09-13 05:55:43.344,1,6,Write Single Register,321,10,9560,0.026
2026-09-13 05:55:53.818,1,6,Write Single Register,321,18,12120,0.474
2026-09-13 05:55:53.846,1,6,Write Single Register,321,18,12120,0.028
2026-09-13 05:56:00.818,1,6,Write Single Register,321,26,59737,0.474
2026-09-13 05:56:00.846,1,6,Write Single Register,321,26,59737,0.028
2026-09-13 05:56:03.645,1,6,Write Single Register,1263,71,15865,0.298
2026-09-13 05:56:03.673,1,6,Write Single Register,1263,71,15865,0.028
2026-09-13 05:56:18.318,1,6,Write Single Register,321,24,10456,0.97
2026-09-13 05:56:18.344,1,6,Write Single Register,321,24,10456,0.026
2026-09-13 05:56:20.431,1,6,Write Single Register,1271,746,59321,0.062
2026-09-13 05:56:20.457,1,6,Write Single Register,1271,746,59321,0.026
2026-09-13 05:56:25.319,1,6,Write Single Register,321,10,9560,0.971
2026-09-13 05:56:25.345,1,6,Write Single Register,321,10,9560,0.026
2026-09-13 05:56:28.819,1,6,Write Single Register,321,42,64857,0.474
2026-09-13 05:56:28.845,1,6,Write Single Register,321,42,64857,0.026
2026-09-13 05:56:44.931,1,6,Write Single Register,1264,111,58824,0.061
2026-09-13 05:56:44.957,1,6,Write Single Register,1264,111,58824,0.026
2026-09-13 05:56:46.319,1,6,Write Single Register,321,25,59417,0.971
2026-09-13 05:56:46.345,1,6,Write Single Register,321,25,59417,0.026
2026-09-13 05:56:56.819,1,6,Write Single Register,321,10,9560,0.97
2026-09-13 05:56:56.845,1,6,Write Single Register,321,10,9560,0.026
2026-09-13 05:57:03.819,1,6,Write Single Register,321,19,61337,0.474
2026-09-13 05:57:03.847,1,6,Write Single Register,321,19,61337,0.028
2026-09-13 05:57:08.427,1,6,Write Single Register,1277,1754,12699,0.084
2026-09-13 05:57:08.453,1,6,Write Single Register,1277,1754,12699,0.026
2026-09-13 05:57:26.490,1,6,Write Single Register,1270,617,34473,0.145
2026-09-13 05:57:26.516,1,6,Write Single Register,1270,617,34473,0.026
2026-09-13 05:57:47.698,1,6,Write Single Register,1272,884,56329,0.353
2026-09-13 05:57:47.724,1,6,Write Single Register,1272,884,56329,0.026
2026-09-13 05:57:49.320,1,6,Write Single Register,321,45,16152,0.97
2026-09-13 05:57:49.346,1,6,Write Single Register,321,45,16152,0.026
2026-09-13 05:57:52.820,1,6,Write Single Register,321,34,15192,0.97
2026-09-13 05:57:52.846,1,6,Write Single Register,321,34,15192,0.026
2026-09-13 05:58:09.904,1,6,Write Single Register,1274,1191,45547,0.554
2026-09-13 05:58:09.930,1,6,Write Single Register,1274,1191,45547,0.026
2026-09-13 05:58:31.318,1,6,Write Single Register,1278,1959,32938,0.471
2026-09-13 05:58:31.344,1,6,Write Single Register,1278,1959,32938,0.026
2026-09-13 05:58:31.370,1,6,Write Single Register,321,33,14872,0.026
2026-09-13 05:58:31.396,1,6,Write Single Register,321,33,14872,0.026
2026-09-13 05:58:41.870,1,6,Write Single Register,321,19,61337,0.971
2026-09-13 05:58:41.896,1,6,Write Single Register,321,19,61337,0.026
2026-09-13 05:58:50.447,1,6,Write Single Register,1267,314,19193,0.052
2026-09-13 05:58:50.472,1,6,Write Single Register,1267,314,19193,0.025
2026-09-13 05:58:59.371,1,6,Write Single Register,321,25,59417,0.971
2026-09-13 05:58:59.397,1,6,Write Single Register,321,25,59417,0.026
2026-09-13 05:59:14.054,1,6,Write Single Register,1273,1034,3290,0.081
2026-09-13 05:59:14.080,1,6,Write Single Register,1273,1034,3290,0.026
2026-09-13 05:59:20.372,1,6,Write Single Register,321,29,11032,0.475
2026-09-13 05:59:20.399,1,6,Write Single Register,321,29,11032,0.027
2026-09-13 05:59:30.872,1,6,Write Single Register,321,35,64409,0.971
2026-09-13 05:59:30.898,1,6,Write Single Register,321,35,64409,0.026
2026-09-13 05:59:34.372,1,6,Write Single Register,321,12,10200,0.971
2026-09-13 05:59:34.398,1,6,Write Single Register,321,12,10200,0.026
2026-09-13 05:59:37.820,1,6,Write Single Register,1279,2185,44158,0.919
2026-09-13 05:59:37.846,1,6,Write Single Register,1279,2185,44158,0.026
2026-09-13 05:59:48.372,1,6,Write Single Register,321,32,64217,0.97
2026-09-13 05:59:48.398,1,6,Write Single Register,321,32,64217,0.026
2026-09-13 05:59:51.873,1,6,Write Single Register,321,23,11416,0.971
2026-09-13 05:59:51.898,1,6,Write Single Register,321,23,11416,0.025
2026-09-13 05:59:55.373,1,6,Write Single Register,321,46,15960,0.971
2026-09-13 05:59:55.398,1,6,Write Single Register,321,46,15960,0.025
2026-09-13 05:59:58.434,1,6,Write Single Register,1270,615,16936,0.532
2026-09-13 05:59:58.460,1,6,Write Single Register,1270,615,16936,0.026
2026-09-13 06:00:19.278,1,6,Write Single Register,1264,120,60296,0.375
2026-09-13 06:00:19.304,1,6,Write Single Register,1264,120,60296,0.026
2026-09-13 06:00:30.374,1,6,Write Single Register,321,27,10648,0.971
2026-09-13 06:00:30.400,1,6,Write Single Register,321,27,10648,0.026
2026-09-13 06:00:33.874,1,6,Write Single Register,321,23,11416,0.474
2026-09-13 06:00:33.902,1,6,Write Single Register,321,23,11416,0.028
2026-09-13 06:00:35.496,1,6,Write Single Register,1277,1753,12507,0.097
2026-09-13 06:00:35.522,1,6,Write Single Register,1277,1753,12507,0.026
2026-09-13 06:00:40.874,1,6,Write Single Register,321,34,15192,0.474
2026-09-13 06:00:40.902,1,6,Write Single Register,321,34,15192,0.028
2026-09-13 06:00:47.874,1,6,Write Single Register,321,40,15576,0.971
2026-09-13 06:00:47.900,1,6,Write Single Register,321,40,15576,0.026
2026-09-13 06:00:59.207,1,6,Write Single Register,1271,747,10104,0.23
2026-09-13 06:00:59.232,1,6,Write Single Register,1271,747,10104,0.025
2026-09-13 06:01:15.875,1,6,Write Single Register,321,21,60697,0.971
2026-09-13 06:01:15.901,1,6,Write Single Register,321,21,60697,0.026
2026-09-13 06:01:20.284,1,6,Write Single Register,1266,231,17257,0.307
2026-09-13 06:01:20.310,1,6,Write Single Register,1266,231,17257,0.026
2026-09-13 06:01:22.875,1,6,Write Single Register,321,38,63577,0.97
2026-09-13 06:01:22.901,1,6,Write Single Register,321,38,63577,0.026
2026-09-13 06:01:33.376,1,6,Write Single Register,321,28,60377,0.971
2026-09-13 06:01:33.401,1,6,Write Single Register,321,28,60377,0.025
2026-09-13 06:01:39.158,1,6,Write Single Register,1275,1375,25530,0.231
2026-09-13 06:01:39.184,1,6,Write Single Register,1275,1375,25530,0.026
2026-09-13 06:02:00.015,1,6,Write Single Register,1279,2182,43070,0.088
2026-09-13 06:02:00.041,1,6,Write Single Register,1279,2182,43070,0.026
2026-09-13 06:02:01.376,1,6,Write Single Register,321,36,14808,0.97
2026-09-13 06:02:01.402,1,6,Write Single Register,321,36,14808,0.026
2026-09-13 06:02:08.377,1,6,Write Single Register,321,34,15192,0.971
2026-09-13 06:02:08.403,1,6,Write Single Register,321,34,15192,0.026
2026-09-13 06:02:19.530,1,6,Write Single Register,1262,46,54120,0.051
2026-09-13 06:02:19.556,1,6,Write Single Register,1262,46,54120,0.026
2026-09-13 06:02:25.877,1,6,Write Single Register,321,31,60057,0.971
2026-09-13 06:02:25.903,1,6,Write Single Register,321,31,60057,0.026
2026-09-13 06:02:29.377,1,6,Write Single Register,321,40,15576,0.971
2026-09-13 06:02:29.403,1,6,Write Single Register,321,40,15576,0.026
2026-09-13 06:02:32.877,1,6,Write Single Register,321,16,61145,0.97
2026-09-13 06:02:32.903,1,6,Write Single Register,321,16,61145,0.026
2026-09-13 06:02:39.878,1,6,Write Single Register,321,43,15768,0.971
2026-09-13 06:02:39.903,1,6,Write Single Register,321,43,15768,0.025
2026-09-13 06:02:40.727,1,6,Write Single Register,1275,1371,41147,0.247
2026-09-13 06:02:40.753,1,6,Write Single Register,1275,1371,41147,0.026
2026-09-13 06:03:00.894,1,6,Write Single Register,1268,407,13961,0.714
2026-09-13 06:03:00.921,1,6,Write Single Register,1268,407,13961,0.027
2026-09-13 06:03:11.650,1,6,Write Single Register,321,25,59417,0.97
2026-09-13 06:03:11.676,1,6,Write Single Register,321,25,59417,0.026
2026-09-13 06:03:17.710,1,6,Write Single Register,1261,27,50264,0.03
2026-09-13 06:03:17.735,1,6,Write Single Register,1261,27,50264,0.025
2026-09-13 06:03:29.660,1,6,Write Single Register,321,41,64537,0.971
2026-09-13 06:03:29.686,1,6,Write Single Register,321,41,64537,0.026
2026-09-13 06:03:40.797,1,6,Write Single Register,1275,1373,41531,0.035
2026-09-13 06:03:40.823,1,6,Write Single Register,1275,1373,41531,0.026
2026-09-13 06:03:54.161,1,6,Write Single Register,321,49,63001,0.971
2026-09-13 06:03:54.187,1,6,Write Single Register,321,49,63001,0.026
2026-09-13 06:04:04.661,1,6,Write Single Register,321,49,63001,0.971
2026-09-13 06:04:04.687,1,6,Write Single Register,321,49,63001,0.026
2026-09-13 06:04:05.422,1,6,Write Single Register,1266,231,17257,0.159
2026-09-13 06:04:05.448,1,6,Write Single Register,1266,231,17257,0.026
2026-09-13 06:04:18.661,1,6,Write Single Register,321,20,11736,0.97
2026-09-13 06:04:18.687,1,6,Write Single Register,321,20,11736,0.026
2026-09-13 06:04:22.944,1,6,Write Single Register,1280,2416,45710,0.181
2026-09-13 06:04:22.970,1,6,Write Single Register,1280,2416,45710,0.026
2026-09-13 06:04:36.162,1,6,Write Single Register,321,14,58969,0.971
2026-09-13 06:04:36.188,1,6,Write Single Register,321,14,58969,0.026
2026-09-13 06:04:39.662,1,6,Write Single Register,321,46,15960,0.971
2026-09-13 06:04:39.688,1,6,Write Single Register,321,46,15960,0.026
2026-09-13 06:04:40.931,1,6,Write Single Register,1280,2422,45070,0.246
2026-09-13 06:04:40.959,1,6,Write Single Register,1280,2422,45070,0.028
2026-09-13 06:04:56.221,1,6,Write Single Register,1261,26,1177,0.029
2026-09-13 06:04:56.247,1,6,Write Single Register,1261,26,1177,0.026
2026-09-13 06:04:57.162,1,6,Write Single Register,321,45,16152,0.915
2026-09-13 06:04:57.188,1,6,Write Single Register,321,45,16152,0.026
2026-09-13 06:05:00.662,1,6,Write Single Register,321,46,15960,0.474
2026-09-13 06:05:00.690,1,6,Write Single Register,321,46,15960,0.028
2026-09-13 06:05:04.163,1,6,Write Single Register,321,42,64857,0.475
2026-09-13 06:05:04.190,1,6,Write Single Register,321,42,64857,0.027
2026-09-13 06:05:14.663,1,6,Write Single Register,321,43,15768,0.474
2026-09-13 06:05:14.691,1,6,Write Single Register,321,43,15768,0.028
2026-09-13 06:05:18.163,1,6,Write Single Register,321,46,15960,0.971
2026-09-13 06:05:18.189,1,6,Write Single Register,321,46,15960,0.026
2026-09-13 06:05:18.964,1,6,Write Single Register,1277,1754,12699,0.199
2026-09-13 06:05:18.990,1,6,Write Single Register,1277,1754,12699,0.026
2026-09-13 06:05:32.163,1,6,Write Single Register,321,10,9560,0.474
2026-09-13 06:05:32.191,1,6,Write Single Register,321,10,9560,0.028
2026-09-13 06:05:35.844,1,6,Write Single Register,1270,617,34473,1.151
2026-09-13 06:05:35.870,1,6,Write Single Register,1270,617,34473,0.026
2026-09-13 06:05:53.164,1,6,Write Single Register,321,12,10200,0.474
2026-09-13 06:05:53.192,1,6,Write Single Register,321,12,10200,0.028
2026-09-13 06:05:55.973,1,6,Write Single Register,1264,114,60424,0.28
2026-09-13 06:05:55.999,1,6,Write Single Register,1264,114,60424,0.026
2026-09-13 06:06:00.164,1,6,Write Single Register,321,11,58777,0.971
2026-09-13 06:06:00.190,1,6,Write Single Register,321,11,58777,0.026
2026-09-13 06:06:03.664,1,6,Write Single Register,321,31,60057,0.971
2026-09-13 06:06:03.690,1,6,Write Single Register,321,31,60057,0.026
2026-09-13 06:06:07.164,1,6,Write Single Register,321,35,64409,0.97
2026-09-13 06:06:07.190,1,6,Write Single Register,321,35,64409,0.026
2026-09-13 06:06:12.567,1,6,Write Single Register,1264,119,61384,0.378
2026-09-13 06:06:12.593,1,6,Write Single Register,1264,119,61384,0.026
2026-09-13 06:06:33.636,1,6,Write Single Register,1261,31,1881,0.446
2026-09-13 06:06:33.662,1,6,Write Single Register,1261,31,1881,0.026
2026-09-13 06:06:38.688,1,6,Write Single Register,321,30,10840,0.474
2026-09-13 06:06:38.716,1,6,Write Single Register,321,30,10840,0.028
2026-09-13 06:06:45.688,1,6,Write Single Register,321,15,9880,0.97
2026-09-13 06:06:45.714,1,6,Write Single Register,321,15,9880,0.026
2026-09-13 06:06:52.044,1,6,Write Single Register,1279,2182,43070,0.326
2026-09-13 06:06:52.070,1,6,Write Single Register,1279,2182,43070,0.026
2026-09-13 06:06:52.688,1,6,Write Single Register,321,35,64409,0.618
2026-09-13 06:06:52.714,1,6,Write Single Register,321,35,64409,0.026
2026-09-13 06:06:56.189,1,6,Write Single Register,321,15,9880,0.475
2026-09-13 06:06:56.216,1,6,Write Single Register,321,15,9880,0.027
2026-09-13 06:06:59.689,1,6,Write Single Register,321,46,15960,0.971
2026-09-13 06:06:59.715,1,6,Write Single Register,321,46,15960,0.026
2026-09-13 06:07:13.689,1,6,Write Single Register,321,42,64857,0.474
2026-09-13 06:07:13.717,1,6,Write Single Register,321,42,64857,0.028
2026-09-13 06:07:16.276,1,6,Write Single Register,1266,236,33832,2.079
2026-09-13 06:07:16.302,1,6,Write Single Register,1266,236,33832,0.026
2026-09-13 06:07:31.748,1,6,Write Single Register,1268,401,13321,0.442
2026-09-13 06:07:31.776,1,6,Write Single Register,1268,401,13321,0.028
2026-09-13 06:07:39.303,1,6,Write Single Register,321,21,60697,0.971
2026-09-13 06:07:39.328,1,6,Write Single Register,321,21,60697,0.025
2026-09-13 06:07:55.257,1,6,Write Single Register,1268,400,62664,0.429
2026-09-13 06:07:55.283,1,6,Write Single Register,1268,400,62664,0.026
2026-09-13 06:08:12.526,1,6,Write Single Register,1280,2425,46158,0.192
2026-09-13 06:08:12.552,1,6,Write Single Register,1280,2425,46158,0.026
2026-09-13 06:08:14.309,1,6,Write Single Register,321,30,10840,0.97
2026-09-13 06:08:14.335,1,6,Write Single Register,321,30,10840,0.026
2026-09-13 06:08:17.810,1,6,Write Single Register,321,38,63577,0.971
2026-09-13 06:08:17.835,1,6,Write Single Register,321,38,63577,0.025
2026-09-13 06:08:21.310,1,6,Write Single Register,321,30,10840,0.971
2026-09-13 06:08:21.336,1,6,Write Single Register,321,30,10840,0.026
2026-09-13 06:08:24.810,1,6,Write Single Register,321,39,14488,0.971
2026-09-13 06:08:24.836,1,6,Write Single Register,321,39,14488,0.026
2026-09-13 06:08:28.208,1,6,Write Single Register,1271,749,9720,0.869
2026-09-13 06:08:28.234,1,6,Write Single Register,1271,749,9720,0.026
2026-09-13 06:08:44.772,1,6,Write Single Register,1280,2420,29071,0.411
2026-09-13 06:08:44.798,1,6,Write Single Register,1280,2420,29071,0.026
2026-09-13 06:08:49.324,1,6,Write Single Register,321,42,64857,0.97
2026-09-13 06:08:49.350,1,6,Write Single Register,321,42,64857,0.026
2026-09-13 06:08:59.825,1,6,Write Single Register,321,16,61145,0.971
2026-09-13 06:08:59.851,1,6,Write Single Register,321,16,61145,0.026
2026-09-13 06:09:06.825,1,6,Write Single Register,321,12,10200,0.971
2026-09-13 06:09:06.851,1,6,Write Single Register,321,12,10200,0.026
2026-09-13 06:09:07.779,1,6,Write Single Register,1272,881,57289,0.352
2026-09-13 06:09:07.805,1,6,Write Single Register,1272,881,57289,0.026
2026-09-13 06:09:10.330,1,6,Write Single Register,321,25,59417,0.971
2026-09-13 06:09:10.356,1,6,Write Single Register,321,25,59417,0.026
2026-09-13 06:09:13.830,1,6,Write Single Register,321,21,60697,0.474
2026-09-13 06:09:13.858,1,6,Write Single Register,321,21,60697,0.028
2026-09-13 06:09:20.830,1,6,Write Single Register,321,13,59161,0.971
2026-09-13 06:09:20.856,1,6,Write Single Register,321,13,59161,0.026
2026-09-13 06:09:31.330,1,6,Write Single Register,321,33,14872,0.474
2026-09-13 06:09:31.358,1,6,Write Single Register,321,33,14872,0.028
2026-09-13 06:09:32.109,1,6,Write Single Register,1264,111,58824,0.176
2026-09-13 06:09:32.135,1,6,Write Single Register,1264,111,58824,0.026
2026-09-13 06:09:41.831,1,6,Write Single Register,321,18,12120,0.474
2026-09-13 06:09:41.859,1,6,Write Single Register,321,18,12120,0.028
2026-09-13 06:09:45.331,1,6,Write Single Register,321,20,11736,0.971
2026-09-13 06:09:45.357,1,6,Write Single Register,321,20,11736,0.026
2026-09-13 06:09:48.831,1,6,Write Single Register,321,40,15576,0.971
2026-09-13 06:09:48.857,1,6,Write Single Register,321,40,15576,0.026
2026-09-13 06:09:52.197,1,6,Write Single Register,1271,744,9784,0.837
2026-09-13 06:09:52.223,1,6,Write Single Register,1271,744,9784,0.026
2026-09-13 06:10:09.831,1,6,Write Single Register,321,30,10840,0.97
2026-09-13 06:10:09.857,1,6,Write Single Register,321,30,10840,0.026
2026-09-13 06:10:11.394,1,6,Write Single Register,1270,616,18024,0.038
2026-09-13 06:10:11.422,1,6,Write Single Register,1270,616,18024,0.028
2026-09-13 06:10:27.332,1,6,Write Single Register,321,18,12120,0.971
2026-09-13 06:10:27.358,1,6,Write Single Register,321,18,12120,0.026
2026-09-13 06:10:30.832,1,6,Write Single Register,321,33,14872,0.971
2026-09-13 06:10:30.858,1,6,Write Single Register,321,33,14872,0.026
2026-09-13 06:10:35.593,1,6,Write Single Register,1279,2189,28543,0.237
2026-09-13 06:10:35.619,1,6,Write Single Register,1279,2189,28543,0.026
2026-09-13 06:10:41.332,1,6,Write Single Register,321,20,11736,0.474
2026-09-13 06:10:41.360,1,6,Write Single Register,321,20,11736,0.028
2026-09-13 06:10:44.832,1,6,Write Single Register,321,26,59737,0.97
2026-09-13 06:10:44.858,1,6,Write Single Register,321,26,59737,0.026
2026-09-13 06:10:51.832,1,6,Write Single Register,321,11,58777,0.97
2026-09-13 06:10:51.858,1,6,Write Single Register,321,11,58777,0.026
2026-09-13 06:10:54.983,1,6,Write Single Register,1277,1752,61466,0.125
2026-09-13 06:10:55.009,1,6,Write Single Register,1277,1752,61466,0.026
2026-09-13 06:11:09.333,1,6,Write Single Register,321,13,59161,0.474
2026-09-13 06:11:09.361,1,6,Write Single Register,321,13,59161,0.028
2026-09-13 06:11:16.333,1,6,Write Single Register,321,17,11800,0.971
2026-09-13 06:11:16.359,1,6,Write Single Register,321,17,11800,0.026
2026-09-13 06:11:18.445,1,6,Write Single Register,1277,1750,13467,0.061
2026-09-13 06:11:18.471,1,6,Write Single Register,1277,1750,13467,0.026
2026-09-13 06:11:19.833,1,6,Write Single Register,321,22,60505,0.971
2026-09-13 06:11:19.859,1,6,Write Single Register,321,22,60505,0.026
2026-09-13 06:11:26.833,1,6,Write Single Register,321,42,64857,0.97
2026-09-13 06:11:26.859,1,6,Write Single Register,321,42,64857,0.026
2026-09-13 06:11:30.333,1,6,Write Single Register,321,27,10648,0.97
2026-09-13 06:11:30.359,1,6,Write Single Register,321,27,10648,0.026
2026-09-13 06:11:41.092,1,6,Write Single Register,321,23,11416,0.971
2026-09-13 06:11:41.117,1,6,Write Single Register,321,23,11416,0.025
2026-09-13 06:11:41.785,1,6,Write Single Register,1269,508,6553,0.091
2026-09-13 06:11:41.811,1,6,Write Single Register,1269,508,6553,0.026
2026-09-13 06:11:58.304,1,6,Write Single Register,1274,1191,45547,0.683
2026-09-13 06:11:58.331,1,6,Write Single Register,1274,1191,45547,0.027
2026-09-13 06:12:09.092,1,6,Write Single Register,321,36,14808,0.97
2026-09-13 06:12:09.118,1,6,Write Single Register,321,36,14808,0.026
2026-09-13 06:12:16.092,1,6,Write Single Register,321,12,10200,0.97
2026-09-13 06:12:16.118,1,6,Write Single Register,321,12,10200,0.026
2026-09-13 06:12:19.593,1,6,Write Single Register,321,26,59737,0.971
2026-09-13 06:12:19.618,1,6,Write Single Register,321,26,59737,0.025
2026-09-13 06:12:22.337,1,6,Write Single Register,1262,45,53800,0.215
2026-09-13 06:12:22.364,1,6,Write Single Register,1262,45,53800,0.027
2026-09-13 06:12:23.093,1,6,Write Single Register,321,42,64857,0.729
2026-09-13 06:12:23.118,1,6,Write Single Register,321,42,64857,0.025
2026-09-13 06:12:44.093,1,6,Write Single Register,321,49,63001,0.474
2026-09-13 06:12:44.121,1,6,Write Single Register,321,49,63001,0.028
2026-09-13 06:12:45.989,1,6,Write Single Register,1265,171,46744,0.371
2026-09-13 06:12:46.016,1,6,Write Single Register,1265,171,46744,0.027
2026-09-13 06:13:04.758,1,6,Write Single Register,1261,22,409,0.139
2026-09-13 06:13:04.783,1,6,Write Single Register,1261,22,409,0.025
2026-09-13 06:13:08.594,1,6,Write Single Register,321,44,65497,0.971
2026-09-13 06:13:08.620,1,6,Write Single Register,321,44,65497,0.026
2026-09-13 06:13:23.327,1,6,Write Single Register,1275,1375,25530,0.131
2026-09-13 06:13:23.355,1,6,Write Single Register,1275,1375,25530,0.028
2026-09-13 06:13:36.594,1,6,Write Single Register,321,14,58969,0.97
2026-09-13 06:13:36.620,1,6,Write Single Register,321,14,58969,0.026
2026-09-13 06:13:47.095,1,6,Write Single Register,321,31,60057,0.971
2026-09-13 06:13:47.120,1,6,Write Single Register,321,31,60057,0.025
2026-09-13 06:13:47.163,1,6,Write Single Register,1274,1192,46507,0.043
2026-09-13 06:13:47.188,1,6,Write Single Register,1274,1192,46507,0.025
2026-09-13 06:14:01.095,1,6,Write Single Register,321,15,9880,0.474
2026-09-13 06:14:01.123,1,6,Write Single Register,321,15,9880,0.028
2026-09-13 06:14:04.595,1,6,Write Single Register,321,40,15576,0.474
2026-09-13 06:14:04.623,1,6,Write Single Register,321,40,15576,0.028
2026-09-13 06:14:09.803,1,6,Write Single Register,1271,746,59321,0.183
2026-09-13 06:14:09.831,1,6,Write Single Register,1271,746,59321,0.028
2026-09-13 06:14:18.595,1,6,Write Single Register,321,10,9560,0.97
2026-09-13 06:14:18.621,1,6,Write Single Register,321,10,9560,0.026
2026-09-13 06:14:24.997,1,6,Write Single Register,1280,2423,28879,0.372
2026-09-13 06:14:25.023,1,6,Write Single Register,1280,2423,28879,0.026
2026-09-13 06:14:25.596,1,6,Write Single Register,321,42,64857,0.475
2026-09-13 06:14:25.623,1,6,Write Single Register,321,42,64857,0.027
2026-09-13 06:14:29.096,1,6,Write Single Register,321,48,14040,0.971
2026-09-13 06:14:29.121,1,6,Write Single Register,321,48,14040,0.025
2026-09-13 06:14:36.096,1,6,Write Single Register,321,18,12120,0.971
2026-09-13 06:14:36.122,1,6,Write Single Register,321,18,12120,0.026
2026-09-13 06:14:48.281,1,6,Write Single Register,1279,2188,44990,0.16
2026-09-13 06:14:48.307,1,6,Write Single Register,1279,2188,44990,0.026
2026-09-13 06:14:50.096,1,6,Write Single Register,321,28,60377,0.971
2026-09-13 06:14:50.122,1,6,Write Single Register,321,28,60377,0.026
2026-09-13 06:14:53.596,1,6,Write Single Register,321,20,11736,0.97
2026-09-13 06:14:53.622,1,6,Write Single Register,321,20,11736,0.026
2026-09-13 06:15:00.596,1,6,Write Single Register,321,26,59737,0.474
2026-09-13 06:15:00.624,1,6,Write Single Register,321,26,59737,0.028
2026-09-13 06:15:05.479,1,6,Write Single Register,1269,502,7705,0.359
2026-09-13 06:15:05.508,1,6,Write Single Register,1269,502,7705,0.029
2026-09-13 06:15:24.156,1,6,Write Single Register,1273,1035,52251,0.03
2026-09-13 06:15:24.182,1,6,Write Single Register,1273,1035,52251,0.026
2026-09-13 06:15:32.097,1,6,Write Single Register,321,31,60057,0.474
2026-09-13 06:15:32.125,1,6,Write Single Register,321,31,60057,0.028
2026-09-13 06:15:46.737,1,6,Write Single Register,321,46,15960,1.114
2026-09-13 06:15:46.764,1,6,Write Single Register,321,46,15960,0.027
2026-09-13 06:15:47.634,1,6,Write Single Register,1267,309,20153,0.32
2026-09-13 06:15:47.660,1,6,Write Single Register,1267,309,20153,0.026
2026-09-13 06:15:49.790,1,6,Write Single Register,321,44,65497,0.97
2026-09-13 06:15:49.816,1,6,Write Single Register,321,44,65497,0.026
2026-09-13 06:15:56.791,1,6,Write Single Register,321,20,11736,0.971
2026-09-13 06:15:56.817,1,6,Write Single Register,321,20,11736,0.026
2026-09-13 06:16:07.291,1,6,Write Single Register,321,43,15768,0.971
2026-09-13 06:16:07.317,1,6,Write Single Register,321,43,15768,0.026
2026-09-13 06:16:09.852,1,6,Write Single Register,1267,311,36664,0.032
2026-09-13 06:16:09.878,1,6,Write Single Register,1267,311,36664,0.026
2026-09-13 06:16:14.291,1,6,Write Single Register,321,29,11032,0.474
2026-09-13 06:16:14.319,1,6,Write Single Register,321,29,11032,0.028
2026-09-13 06:16:17.791,1,6,Write Single Register,321,42,64857,0.971
2026-09-13 06:16:17.817,1,6,Write Single Register,321,42,64857,0.026
2026-09-13 06:16:28.291,1,6,Write Single Register,321,38,63577,0.474
2026-09-13 06:16:28.319,1,6,Write Single Register,321,38,63577,0.028
2026-09-13 06:16:32.487,1,6,Write Single Register,1268,401,13321,0.094
2026-09-13 06:16:32.513,1,6,Write Single Register,1268,401,13321,0.026
2026-09-13 06:16:38.792,1,6,Write Single Register,321,30,10840,0.475
2026-09-13 06:16:38.819,1,6,Write Single Register,321,30,10840,0.027
2026-09-13 06:16:42.292,1,6,Write Single Register,321,19,61337,0.971
2026-09-13 06:16:42.318,1,6,Write Single Register,321,19,61337,0.026
2026-09-13 06:16:49.292,1,6,Write Single Register,321,49,63001,0.971
2026-09-13 06:16:49.318,1,6,Write Single Register,321,49,63001,0.026
2026-09-13 06:16:55.515,1,6,Write Single Register,1271,744,9784,0.194
2026-09-13 06:16:55.543,1,6,Write Single Register,1271,744,9784,0.028
2026-09-13 06:16:56.292,1,6,Write Single Register,321,30,10840,0.749
2026-09-13 06:16:56.318,1,6,Write Single Register,321,30,10840,0.026
2026-09-13 06:16:59.792,1,6,Write Single Register,321,32,64217,0.971
2026-09-13 06:16:59.818,1,6,Write Single Register,321,32,64217,0.026
2026-09-13 06:17:17.032,1,6,Write Single Register,1267,310,20473,0.71
2026-09-13 06:17:17.058,1,6,Write Single Register,1267,310,20473,0.026
2026-09-13 06:17:27.793,1,6,Write Single Register,321,30,10840,0.474
2026-09-13 06:17:27.821,1,6,Write Single Register,321,30,10840,0.028
2026-09-13 06:17:31.293,1,6,Write Single Register,321,35,64409,0.971
2026-09-13 06:17:31.319,1,6,Write Single Register,321,35,64409,0.026
2026-09-13 06:17:39.783,1,6,Write Single Register,1269,508,6553,0.466
2026-09-13 06:17:39.809,1,6,Write Single Register,1269,508,6553,0.026
2026-09-13 06:17:48.835,1,6,Write Single Register,321,40,15576,0.97
2026-09-13 06:17:48.861,1,6,Write Single Register,321,40,15576,0.026
2026-09-13 06:18:02.270,1,6,Write Single Register,1264,115,11465,0.405
2026-09-13 06:18:02.295,1,6,Write Single Register,1264,115,11465,0.025
2026-09-13 06:18:13.336,1,6,Write Single Register,321,21,60697,0.474
2026-09-13 06:18:13.364,1,6,Write Single Register,321,21,60697,0.028
2026-09-13 06:18:16.836,1,6,Write Single Register,321,31,60057,0.971
2026-09-13 06:18:16.862,1,6,Write Single Register,321,31,60057,0.026
2026-09-13 06:18:21.473,1,6,Write Single Register,1273,1033,3482,0.113
2026-09-13 06:18:21.499,1,6,Write Single Register,1273,1033,3482,0.026
2026-09-13 06:18:23.836,1,6,Write Single Register,321,30,10840,0.971
2026-09-13 06:18:23.862,1,6,Write Single Register,321,30,10840,0.026
2026-09-13 06:18:30.836,1,6,Write Single Register,321,15,9880,0.971
2026-09-13 06:18:30.862,1,6,Write Single Register,321,15,9880,0.026
2026-09-13 06:18:37.836,1,6,Write Single Register,321,18,12120,0.97
2026-09-13 06:18:37.862,1,6,Write Single Register,321,18,12120,0.026
2026-09-13 06:18:38.558,1,6,Write Single Register,1262,46,54120,0.12
2026-09-13 06:18:38.584,1,6,Write Single Register,1262,46,54120,0.026
2026-09-13 06:18:51.837,1,6,Write Single Register,321,12,10200,0.971
2026-09-13 06:18:51.863,1,6,Write Single Register,321,12,10200,0.026
2026-09-13 06:18:58.837,1,6,Write Single Register,321,16,61145,0.474
2026-09-13 06:18:58.865,1,6,Write Single Register,321,16,61145,0.028
2026-09-13 06:18:59.995,1,6,Write Single Register,1267,317,35000,0.135
2026-09-13 06:19:00.021,1,6,Write Single Register,1267,317,35000,0.026
2026-09-13 06:19:09.337,1,6,Write Single Register,321,19,61337,0.971
2026-09-13 06:19:09.363,1,6,Write Single Register,321,19,61337,0.026
2026-09-13 06:19:15.889,1,6,Write Single Register,1267,310,20473,0.522
2026-09-13 06:19:15.915,1,6,Write Single Register,1267,310,20473,0.026
2026-09-13 06:19:16.337,1,6,Write Single Register,321,40,15576,0.422
2026-09-13 06:19:16.365,1,6,Write Single Register,321,40,15576,0.028
2026-09-13 06:19:37.292,1,6,Write Single Register,1268,405,63240,0.428
2026-09-13 06:19:37.318,1,6,Write Single Register,1268,405,63240,0.026
2026-09-13 06:19:40.843,1,6,Write Single Register,321,48,14040,0.474
2026-09-13 06:19:40.871,1,6,Write Single Register,321,48,14040,0.028
2026-09-13 06:19:58.343,1,6,Write Single Register,321,37,63769,0.971
2026-09-13 06:19:58.369,1,6,Write Single Register,321,37,63769,0.026
2026-09-13 06:20:01.076,1,6,Write Single Register,1278,1961,17451,0.204
2026-09-13 06:20:01.104,1,6,Write Single Register,1278,1961,17451,0.028
2026-09-13 06:20:01.843,1,6,Write Single Register,321,44,65497,0.739
2026-09-13 06:20:01.869,1,6,Write Single Register,321,44,65497,0.026
2026-09-13 06:20:13.430,1,6,Write Single Register,321,26,59737,0.97
2026-09-13 06:20:13.456,1,6,Write Single Register,321,26,59737,0.026
2026-09-13 06:20:23.070,1,6,Write Single Register,1276,1553,26251,0.11
2026-09-13 06:20:23.096,1,6,Write Single Register,1276,1553,26251,0.026
2026-09-13 06:20:39.481,1,6,Write Single Register,1276,1561,41098,0.025
2026-09-13 06:20:39.507,1,6,Write Single Register,1276,1561,41098,0.026
2026-09-13 06:20:41.431,1,6,Write Single Register,321,34,15192,0.971
2026-09-13 06:20:41.457,1,6,Write Single Register,321,34,15192,0.026
2026-09-13 06:20:48.431,1,6,Write Single Register,321,45,16152,0.97
2026-09-13 06:20:48.457,1,6,Write Single Register,321,45,16152,0.026
2026-09-13 06:20:51.931,1,6,Write Single Register,321,19,61337,0.474
2026-09-13 06:20:51.959,1,6,Write Single Register,321,19,61337,0.028
2026-09-13 06:20:58.293,1,6,Write Single Register,1263,73,63864,0.332
2026-09-13 06:20:58.319,1,6,Write Single Register,1263,73,63864,0.026
2026-09-13 06:21:02.432,1,6,Write Single Register,321,22,60505,0.475
2026-09-13 06:21:02.460,1,6,Write Single Register,321,22,60505,0.028
2026-09-13 06:21:05.932,1,6,Write Single Register,321,39,14488,0.474
2026-09-13 06:21:05.960,1,6,Write Single Register,321,39,14488,0.028
2026-09-13 06:21:20.754,1,6,Write Single Register,1270,622,17640,0.22
2026-09-13 06:21:20.780,1,6,Write Single Register,1270,622,17640,0.026
2026-09-13 06:21:23.432,1,6,Write Single Register,321,24,10456,0.97
2026-09-13 06:21:23.458,1,6,Write Single Register,321,24,10456,0.026
2026-09-13 06:21:26.932,1,6,Write Single Register,321,23,11416,0.97
2026-09-13 06:21:26.958,1,6,Write Single Register,321,23,11416,0.026
2026-09-13 06:21:41.569,1,6,Write Single Register,1261,27,50264,0.034
2026-09-13 06:21:41.595,1,6,Write Single Register,1261,27,50264,0.026
2026-09-13 06:21:47.933,1,6,Write Single Register,321,47,65177,0.971
2026-09-13 06:21:47.959,1,6,Write Single Register,321,47,65177,0.026
2026-09-13 06:21:54.933,1,6,Write Single Register,321,21,60697,0.971
2026-09-13 06:21:54.959,1,6,Write Single Register,321,21,60697,0.026
2026-09-13 06:21:58.433,1,6,Write Single Register,321,32,64217,0.971
2026-09-13 06:21:58.459,1,6,Write Single Register,321,32,64217,0.026
2026-09-13 06:22:00.218,1,6,Write Single Register,1267,319,18745,0.26
2026-09-13 06:22:00.244,1,6,Write Single Register,1267,319,18745,0.026
2026-09-13 06:22:01.933,1,6,Write Single Register,321,25,59417,0.474
2026-09-13 06:22:01.961,1,6,Write Single Register,321,25,59417,0.028
2026-09-13 06:22:08.933,1,6,Write Single Register,321,27,10648,0.474
2026-09-13 06:22:08.961,1,6,Write Single Register,321,27,10648,0.028
2026-09-13 06:22:19.820,1,6,Write Single Register,1270,621,17832,1.357
2026-09-13 06:22:19.848,1,6,Write Single Register,1270,621,17832,0.028
2026-09-13 06:22:40.434,1,6,Write Single Register,321,10,9560,0.971
2026-09-13 06:22:40.460,1,6,Write Single Register,321,10,9560,0.026
2026-09-13 06:22:44.147,1,6,Write Single Register,1264,119,61384,1.184
2026-09-13 06:22:44.173,1,6,Write Single Register,1264,119,61384,0.026
2026-09-13 06:22:47.434,1,6,Write Single Register,321,36,14808,0.971
2026-09-13 06:22:47.460,1,6,Write Single Register,321,36,14808,0.026
2026-09-13 06:23:06.391,1,6,Write Single Register,1264,112,11657,0.433
2026-09-13 06:23:06.418,1,6,Write Single Register,1264,112,11657,0.027
2026-09-13 06:23:15.444,1,6,Write Single Register,321,29,11032,0.971
2026-09-13 06:23:15.469,1,6,Write Single Register,321,29,11032,0.025
2026-09-13 06:23:31.369,1,6,Write Single Register,1268,401,13321,0.4
2026-09-13 06:23:31.395,1,6,Write Single Register,1268,401,13321,0.026
2026-09-13 06:23:32.944,1,6,Write Single Register,321,35,64409,0.971
2026-09-13 06:23:32.970,1,6,Write Single Register,321,35,64409,0.026
2026-09-13 06:23:39.944,1,6,Write Single Register,321,26,59737,0.971
2026-09-13 06:23:39.970,1,6,Write Single Register,321,26,59737,0.026
2026-09-13 06:23:50.752,1,6,Write Single Register,1262,46,54120,1.278
2026-09-13 06:23:50.778,1,6,Write Single Register,1262,46,54120,0.026
2026-09-13 06:24:00.945,1,6,Write Single Register,321,11,58777,0.971
2026-09-13 06:24:00.971,1,6,Write Single Register,321,11,58777,0.026
2026-09-13 06:24:08.203,1,6,Write Single Register,1266,235,18025,1.229
2026-09-13 06:24:08.229,1,6,Write Single Register,1266,235,18025,0.026
2026-09-13 06:24:11.445,1,6,Write Single Register,321,25,59417,0.971
2026-09-13 06:24:11.471,1,6,Write Single Register,321,25,59417,0.026
2026-09-13 06:24:24.571,1,6,Write Single Register,1264,115,11465,0.097
2026-09-13 06:24:24.597,1,6,Write Single Register,1264,115,11465,0.026
2026-09-13 06:24:25.773,1,6,Write Single Register,321,43,15768,0.027
2026-09-13 06:24:25.798,1,6,Write Single Register,321,43,15768,0.025
2026-09-13 06:24:29.272,1,6,Write Single Register,321,11,58777,0.474
2026-09-13 06:24:29.300,1,6,Write Single Register,321,11,58777,0.028
2026-09-13 06:24:41.506,1,6,Write Single Register,1265,165,29209,0.209
2026-09-13 06:24:41.532,1,6,Write Single Register,1265,165,29209,0.026
2026-09-13 06:24:43.273,1,6,Write Single Register,321,21,60697,0.971
2026-09-13 06:24:43.298,1,6,Write Single Register,321,21,60697,0.025
2026-09-13 06:24:50.273,1,6,Write Single Register,321,49,63001,0.971
2026-09-13 06:24:50.299,1,6,Write Single Register,321,49,63001,0.026
2026-09-13 06:24:57.273,1,6,Write Single Register,321,28,60377,0.474
2026-09-13 06:24:57.301,1,6,Write Single Register,321,28,60377,0.028
2026-09-13 06:25:00.773,1,6,Write Single Register,321,30,10840,0.474
2026-09-13 06:25:00.801,1,6,Write Single Register,321,30,10840,0.028
2026-09-13 06:25:05.511,1,6,Write Single Register,1268,401,13321,0.214
2026-09-13 06:25:05.539,1,6,Write Single Register,1268,401,13321,0.028
2026-09-13 06:25:18.273,1,6,Write Single Register,321,37,63769,0.97
2026-09-13 06:25:18.299,1,6,Write Single Register,321,37,63769,0.026
2026-09-13 06:25:26.372,1,6,Write Single Register,1261,29,50904,0.075
2026-09-13 06:25:26.398,1,6,Write Single Register,1261,29,50904,0.026
2026-09-13 06:25:32.274,1,6,Write Single Register,321,31,60057,0.971
2026-09-13 06:25:32.300,1,6,Write Single Register,321,31,60057,0.026
2026-09-13 06:25:42.341,1,6,Write Single Register,1272,885,7368,0.041
2026-09-13 06:25:42.367,1,6,Write Single Register,1272,885,7368,0.026
2026-09-13 06:25:42.774,1,6,Write Single Register,321,17,11800,0.407
2026-09-13 06:25:42.800,1,6,Write Single Register,321,17,11800,0.026
2026-09-13 06:25:46.274,1,6,Write Single Register,321,43,15768,0.971
2026-09-13 06:25:46.300,1,6,Write Single Register,321,43,15768,0.026
2026-09-13 06:25:56.774,1,6,Write Single Register,321,38,63577,0.97
2026-09-13 06:25:56.800,1,6,Write Single Register,321,38,63577,0.026
2026-09-13 06:26:06.138,1,6,Write Single Register,1265,165,29209,0.313
2026-09-13 06:26:06.164,1,6,Write Single Register,1265,165,29209,0.026
2026-09-13 06:26:07.274,1,6,Write Single Register,321,35,64409,0.968
2026-09-13 06:26:07.300,1,6,Write Single Register,321,35,64409,0.026
2026-09-13 06:26:14.275,1,6,Write Single Register,321,40,15576,0.971
2026-09-13 06:26:14.300,1,6,Write Single Register,321,40,15576,0.025
2026-09-13 06:26:21.275,1,6,Write Single Register,321,22,60505,0.971
2026-09-13 06:26:21.301,1,6,Write Single Register,321,22,60505,0.026
2026-09-13 06:26:23.042,1,6,Write Single Register,1270,617,34473,0.242
2026-09-13 06:26:23.068,1,6,Write Single Register,1270,617,34473,0.026
2026-09-13 06:26:24.775,1,6,Write Single Register,321,40,15576,0.474
2026-09-13 06:26:24.803,1,6,Write Single Register,321,40,15576,0.028
2026-09-13 06:26:28.275,1,6,Write Single Register,321,47,65177,0.971
2026-09-13 06:26:28.301,1,6,Write Single Register,321,47,65177,0.026
2026-09-13 06:26:43.444,1,6,Write Single Register,1261,29,50904,0.145
2026-09-13 06:26:43.470,1,6,Write Single Register,1261,29,50904,0.026
2026-09-13 06:26:56.275,1,6,Write Single Register,321,47,65177,0.97
2026-09-13 06:26:56.301,1,6,Write Single Register,321,47,65177,0.026
2026-09-13 06:26:59.776,1,6,Write Single Register,321,47,65177,0.971
2026-09-13 06:26:59.801,1,6,Write Single Register,321,47,65177,0.025
2026-09-13 06:27:04.185,1,6,Write Single Register,1280,2422,45070,0.307
2026-09-13 06:27:04.210,1,6,Write Single Register,1280,2422,45070,0.025
2026-09-13 06:27:20.776,1,6,Write Single Register,321,10,9560,0.971
2026-09-13 06:27:20.802,1,6,Write Single Register,321,10,9560,0.026
2026-09-13 06:27:21.412,1,6,Write Single Register,1263,70,64824,0.034
2026-09-13 06:27:21.438,1,6,Write Single Register,1263,70,64824,0.026
2026-09-13 06:27:24.276,1,6,Write Single Register,321,13,59161,0.971
2026-09-13 06:27:24.302,1,6,Write Single Register,321,13,59161,0.026
2026-09-13 06:27:41.776,1,6,Write Single Register,321,40,15576,0.97
2026-09-13 06:27:41.802,1,6,Write Single Register,321,40,15576,0.026
2026-09-13 06:27:44.828,1,6,Write Single Register,1269,502,7705,0.026
2026-09-13 06:27:44.854,1,6,Write Single Register,1269,502,7705,0.026
2026-09-13 06:27:45.277,1,6,Write Single Register,321,49,63001,0.423
2026-09-13 06:27:45.304,1,6,Write Single Register,321,49,63001,0.027
2026-09-13 06:27:48.777,1,6,Write Single Register,321,40,15576,0.971
2026-09-13 06:27:48.803,1,6,Write Single Register,321,40,15576,0.026
2026-09-13 06:28:02.777,1,6,Write Single Register,321,29,11032,0.971
2026-09-13 06:28:02.803,1,6,Write Single Register,321,29,11032,0.026
2026-09-13 06:28:08.104,1,6,Write Single Register,1279,2185,44158,0.302
2026-09-13 06:28:08.130,1,6,Write Single Register,1279,2185,44158,0.026
2026-09-13 06:28:09.777,1,6,Write Single Register,321,36,14808,0.474
2026-09-13 06:28:09.805,1,6,Write Single Register,321,36,14808,0.028
2026-09-13 06:28:23.566,1,6,Write Single Register,1265,170,30297,0.263
2026-09-13 06:28:23.592,1,6,Write Single Register,1265,170,30297,0.026
2026-09-13 06:28:23.777,1,6,Write Single Register,321,21,60697,0.185
2026-09-13 06:28:23.803,1,6,Write Single Register,321,21,60697,0.026
2026-09-13 06:28:27.277,1,6,Write Single Register,321,28,60377,0.97
2026-09-13 06:28:27.303,1,6,Write Single Register,321,28,60377,0.026
2026-09-13 06:28:40.012,1,6,Write Single Register,1274,1195,46315,0.183
2026-09-13 06:28:40.040,1,6,Write Single Register,1274,1195,46315,0.028
2026-09-13 06:28:45.865,1,6,Write Single Register,321,31,60057,0.971
2026-09-13 06:28:45.891,1,6,Write Single Register,321,31,60057,0.026
2026-09-13 06:28:49.365,1,6,Write Single Register,321,14,58969,0.971
2026-09-13 06:28:49.391,1,6,Write Single Register,321,14,58969,0.026
2026-09-13 06:28:56.365,1,6,Write Single Register,321,18,12120,0.971
2026-09-13 06:28:56.391,1,6,Write Single Register,321,18,12120,0.026
2026-09-13 06:28:58.248,1,6,Write Single Register,1279,2187,28159,0.358
2026-09-13 06:28:58.274,1,6,Write Single Register,1279,2187,28159,0.026
2026-09-13 06:28:59.865,1,6,Write Single Register,321,42,64857,0.971
2026-09-13 06:28:59.891,1,6,Write Single Register,321,42,64857,0.026
2026-09-13 06:29:13.865,1,6,Write Single Register,321,37,63769,0.97
2026-09-13 06:29:13.891,1,6,Write Single Register,321,37,63769,0.026
2026-09-13 06:29:17.708,1,6,Write Single Register,1278,1959,32938,0.816
2026-09-13 06:29:17.733,1,6,Write Single Register,1278,1959,32938,0.025
2026-09-13 06:29:38.366,1,6,Write Single Register,321,45,16152,0.971
2026-09-13 06:29:38.392,1,6,Write Single Register,321,45,16152,0.026
2026-09-13 06:29:41.568,1,6,Write Single Register,1262,47,5033,0.176
2026-09-13 06:29:41.594,1,6,Write Single Register,1262,47,5033,0.026
2026-09-13 06:29:41.866,1,6,Write Single Register,321,38,63577,0.272
2026-09-13 06:29:41.892,1,6,Write Single Register,321,38,63577,0.026
2026-09-13 06:29:45.366,1,6,Write Single Register,321,39,14488,0.474
2026-09-13 06:29:45.394,1,6,Write Single Register,321,39,14488,0.028
2026-09-13 06:29:48.866,1,6,Write Single Register,321,20,11736,0.97
2026-09-13 06:29:48.892,1,6,Write Single Register,321,20,11736,0.026
2026-09-13 06:29:55.866,1,6,Write Single Register,321,32,64217,0.97
2026-09-13 06:29:55.892,1,6,Write Single Register,321,32,64217,0.026
2026-09-13 06:29:58.113,1,6,Write Single Register,1271,745,59129,0.196
2026-09-13 06:29:58.139,1,6,Write Single Register,1271,745,59129,0.026
2026-09-13 06:29:59.367,1,6,Write Single Register,321,11,58777,0.971
2026-09-13 06:29:59.392,1,6,Write Single Register,321,11,58777,0.025
2026-09-13 06:30:02.867,1,6,Write Single Register,321,41,64537,0.474
2026-09-13 06:30:02.894,1,6,Write Single Register,321,41,64537,0.027
2026-09-13 06:30:15.134,1,6,Write Single Register,1263,75,14585,0.242
2026-09-13 06:30:15.160,1,6,Write Single Register,1263,75,14585,0.026
2026-09-13 06:30:23.867,1,6,Write Single Register,321,37,63769,0.474
2026-09-13 06:30:23.895,1,6,Write Single Register,321,37,63769,0.028
2026-09-13 06:30:34.367,1,6,Write Single Register,321,24,10456,0.474
2026-09-13 06:30:34.395,1,6,Write Single Register,321,24,10456,0.028
2026-09-13 06:30:39.126,1,6,Write Single Register,1278,1965,34602,0.235
2026-09-13 06:30:39.154,1,6,Write Single Register,1278,1965,34602,0.028
2026-09-13 06:30:44.867,1,6,Write Single Register,321,39,14488,0.97
2026-09-13 06:30:44.893,1,6,Write Single Register,321,39,14488,0.026
2026-09-13 06:30:48.368,1,6,Write Single Register,321,14,58969,0.971
2026-09-13 06:30:48.393,1,6,Write Single Register,321,14,58969,0.025
2026-09-13 06:30:55.368,1,6,Write Single Register,321,17,11800,0.971
2026-09-13 06:30:55.394,1,6,Write Single Register,321,17,11800,0.026
2026-09-13 06:30:58.243,1,6,Write Single Register,1269,501,8025,0.346
2026-09-13 06:30:58.269,1,6,Write Single Register,1269,501,8025,0.026
2026-09-13 06:31:16.368,1,6,Write Single Register,321,44,65497,0.474
2026-09-13 06:31:16.396,1,6,Write Single Register,321,44,65497,0.028
2026-09-13 06:31:19.420,1,6,Write Single Register,1267,310,20473,0.026
2026-09-13 06:31:19.446,1,6,Write Single Register,1267,310,20473,0.026
2026-09-13 06:31:19.868,1,6,Write Single Register,321,23,11416,0.422
2026-09-13 06:31:19.896,1,6,Write Single Register,321,23,11416,0.028
2026-09-13 06:31:23.368,1,6,Write Single Register,321,20,11736,0.97
2026-09-13 06:31:23.394,1,6,Write Single Register,321,20,11736,0.026
2026-09-13 06:31:30.368,1,6,Write Single Register,321,34,15192,0.97
2026-09-13 06:31:30.394,1,6,Write Single Register,321,34,15192,0.026
2026-09-13 06:31:40.992,1,6,Write Single Register,1277,1755,61786,1.094
2026-09-13 06:31:41.018,1,6,Write Single Register,1277,1755,61786,0.026
2026-09-13 06:31:58.780,1,6,Write Single Register,1276,1554,26571,1.382
2026-09-13 06:31:58.806,1,6,Write Single Register,1276,1554,26571,0.026
2026-09-13 06:32:01.869,1,6,Write Single Register,321,33,14872,0.97
2026-09-13 06:32:01.895,1,6,Write Single Register,321,33,14872,0.026
2026-09-13 06:32:08.869,1,6,Write Single Register,321,43,15768,0.97
2026-09-13 06:32:08.895,1,6,Write Single Register,321,43,15768,0.026
2026-09-13 06:32:15.869,1,6,Write Single Register,321,43,15768,0.474
2026-09-13 06:32:15.897,1,6,Write Single Register,321,43,15768,0.028
2026-09-13 06:32:21.309,1,6,Write Single Register,1273,1034,3290,0.415
2026-09-13 06:32:21.334,1,6,Write Single Register,1273,1034,3290,0.025
2026-09-13 06:32:43.677,1,6,Write Single Register,1268,407,13961,0.281
2026-09-13 06:32:43.703,1,6,Write Single Register,1268,407,13961,0.026
2026-09-13 06:32:47.370,1,6,Write Single Register,321,22,60505,0.474
2026-09-13 06:32:47.398,1,6,Write Single Register,321,22,60505,0.028
2026-09-13 06:33:01.168,1,6,Write Single Register,1280,2425,46158,0.03
2026-09-13 06:33:01.194,1,6,Write Single Register,1280,2425,46158,0.026
2026-09-13 06:33:12.168,1,6,Write Single Register,321,46,15960,0.971
2026-09-13 06:33:12.194,1,6,Write Single Register,321,46,15960,0.026
2026-09-13 06:33:19.168,1,6,Write Single Register,321,38,63577,0.971
2026-09-13 06:33:19.194,1,6,Write Single Register,321,38,63577,0.026
2026-09-13 06:33:25.488,1,6,Write Single Register,1274,1194,29738,0.291
2026-09-13 06:33:25.514,1,6,Write Single Register,1274,1194,29738,0.026
2026-09-13 06:33:29.668,1,6,Write Single Register,321,15,9880,0.971
2026-09-13 06:33:29.694,1,6,Write Single Register,321,15,9880,0.026
2026-09-13 06:33:50.419,1,6,Write Single Register,1264,112,11657,0.721
2026-09-13 06:33:50.445,1,6,Write Single Register,1264,112,11657,0.026
2026-09-13 06:33:50.668,1,6,Write Single Register,321,14,58969,0.223
2026-09-13 06:33:50.694,1,6,Write Single Register,321,14,58969,0.026
2026-09-13 06:33:57.668,1,6,Write Single Register,321,26,59737,0.97
2026-09-13 06:33:57.694,1,6,Write Single Register,321,26,59737,0.026
2026-09-13 06:34:14.536,1,6,Write Single Register,1268,403,62856,0.338
2026-09-13 06:34:14.562,1,6,Write Single Register,1268,403,62856,0.026
2026-09-13 06:34:18.669,1,6,Write Single Register,321,49,63001,0.971
2026-09-13 06:34:18.695,1,6,Write Single Register,321,49,63001,0.026
2026-09-13 06:34:29.169,1,6,Write Single Register,321,36,14808,0.971
2026-09-13 06:34:29.195,1,6,Write Single Register,321,36,14808,0.026
2026-09-13 06:34:32.669,1,6,Write Single Register,321,39,14488,0.971
2026-09-13 06:34:32.695,1,6,Write Single Register,321,39,14488,0.026
2026-09-13 06:34:38.281,1,6,Write Single Register,1261,23,49496,0.061
2026-09-13 06:34:38.307,1,6,Write Single Register,1261,23,49496,0.026
2026-09-13 06:34:43.169,1,6,Write Single Register,321,13,59161,0.474
2026-09-13 06:34:43.197,1,6,Write Single Register,321,13,59161,0.028
2026-09-13 06:34:55.330,1,6,Write Single Register,1268,409,61960,0.136
2026-09-13 06:34:55.355,1,6,Write Single Register,1268,409,61960,0.025
2026-09-13 06:35:00.670,1,6,Write Single Register,321,32,64217,0.971
2026-09-13 06:35:00.696,1,6,Write Single Register,321,32,64217,0.026
2026-09-13 06:35:07.670,1,6,Write Single Register,321,35,64409,0.474
2026-09-13 06:35:07.698,1,6,Write Single Register,321,35,64409,0.028
2026-09-13 06:35:17.495,1,6,Write Single Register,1277,1757,62426,0.296
2026-09-13 06:35:17.521,1,6,Write Single Register,1277,1757,62426,0.026
2026-09-13 06:35:21.670,1,6,Write Single Register,321,34,15192,0.971
2026-09-13 06:35:21.696,1,6,Write Single Register,321,34,15192,0.026
2026-09-13 06:35:32.170,1,6,Write Single Register,321,47,65177,0.97
2026-09-13 06:35:32.196,1,6,Write Single Register,321,47,65177,0.026
2026-09-13 06:35:38.964,1,6,Write Single Register,1265,170,30297,0.764
2026-09-13 06:35:38.990,1,6,Write Single Register,1265,170,30297,0.026
2026-09-13 06:35:54.418,1,6,Write Single Register,1269,509,55640,0.224
2026-09-13 06:35:54.444,1,6,Write Single Register,1269,509,55640,0.026
2026-09-13 06:36:03.671,1,6,Write Single Register,321,23,11416,0.971
2026-09-13 06:36:03.697,1,6,Write Single Register,321,23,11416,0.026
2026-09-13 06:36:07.171,1,6,Write Single Register,321,26,59737,0.971
2026-09-13 06:36:07.197,1,6,Write Single Register,321,26,59737,0.026
2026-09-13 06:36:18.134,1,6,Write Single Register,1261,21,217,1.434
2026-09-13 06:36:18.160,1,6,Write Single Register,1261,21,217,0.026
2026-09-13 06:36:21.186,1,6,Write Single Register,321,14,58969,0.97
2026-09-13 06:36:21.212,1,6,Write Single Register,321,14,58969,0.026
2026-09-13 06:36:28.186,1,6,Write Single Register,321,36,14808,0.474
2026-09-13 06:36:28.214,1,6,Write Single Register,321,36,14808,0.028
2026-09-13 06:36:31.686,1,6,Write Single Register,321,12,10200,0.97
2026-09-13 06:36:31.712,1,6,Write Single Register,321,12,10200,0.026
2026-09-13 06:36:37.746,1,6,Write Single Register,1264,111,58824,0.03
2026-09-13 06:36:37.771,1,6,Write Single Register,1264,111,58824,0.025
2026-09-13 06:36:42.187,1,6,Write Single Register,321,26,59737,0.971
2026-09-13 06:36:42.213,1,6,Write Single Register,321,26,59737,0.026
2026-09-13 06:36:49.187,1,6,Write Single Register,321,30,10840,0.971
2026-09-13 06:36:49.213,1,6,Write Single Register,321,30,10840,0.026
2026-09-13 06:36:57.486,1,6,Write Single Register,1266,239,34152,0.275
2026-09-13 06:36:57.512,1,6,Write Single Register,1266,239,34152,0.026
2026-09-13 06:36:59.687,1,6,Write Single Register,321,49,63001,0.474
2026-09-13 06:36:59.715,1,6,Write Single Register,321,49,63001,0.028
2026-09-13 06:37:20.687,1,6,Write Single Register,321,46,15960,0.97
2026-09-13 06:37:20.713,1,6,Write Single Register,321,46,15960,0.026
2026-09-13 06:37:22.025,1,6,Write Single Register,1272,881,57289,0.314
2026-09-13 06:37:22.051,1,6,Write Single Register,1272,881,57289,0.026
2026-09-13 06:37:32.275,1,6,Write Single Register,321,10,9560,0.971
2026-09-13 06:37:32.300,1,6,Write Single Register,321,10,9560,0.025
2026-09-13 06:37:42.744,1,6,Write Single Register,1269,509,55640,0.94
2026-09-13 06:37:42.770,1,6,Write Single Register,1269,509,55640,0.026
2026-09-13 06:37:46.296,1,6,Write Single Register,321,30,10840,0.971
2026-09-13 06:37:46.322,1,6,Write Single Register,321,30,10840,0.026
2026-09-13 06:37:56.796,1,6,Write Single Register,321,33,14872,0.971
2026-09-13 06:37:56.822,1,6,Write Single Register,321,33,14872,0.026
2026-09-13 06:38:00.296,1,6,Write Single Register,321,47,65177,0.97
2026-09-13 06:38:00.322,1,6,Write Single Register,321,47,65177,0.026
2026-09-13 06:38:02.764,1,6,Write Single Register,1264,113,60744,0.417
2026-09-13 06:38:02.790,1,6,Write Single Register,1264,113,60744,0.026
2026-09-13 06:38:14.315,1,6,Write Single Register,321,27,10648,0.97
2026-09-13 06:38:14.341,1,6,Write Single Register,321,27,10648,0.026
2026-09-13 06:38:17.816,1,6,Write Single Register,321,35,64409,0.475
2026-09-13 06:38:17.843,1,6,Write Single Register,321,35,64409,0.027
2026-09-13 06:38:21.952,1,6,Write Single Register,1262,45,53800,0.034
2026-09-13 06:38:21.978,1,6,Write Single Register,1262,45,53800,0.026
2026-09-13 06:38:24.816,1,6,Write Single Register,321,34,15192,0.971
2026-09-13 06:38:24.842,1,6,Write Single Register,321,34,15192,0.026
2026-09-13 06:38:28.316,1,6,Write Single Register,321,10,9560,0.971
2026-09-13 06:38:28.342,1,6,Write Single Register,321,10,9560,0.026
2026-09-13 06:38:35.316,1,6,Write Single Register,321,30,10840,0.971
2026-09-13 06:38:35.342,1,6,Write Single Register,321,30,10840,0.026
2026-09-13 06:38:38.816,1,6,Write Single Register,321,25,59417,0.474
2026-09-13 06:38:38.844,1,6,Write Single Register,321,25,59417,0.028
2026-09-13 06:38:43.440,1,6,Write Single Register,1279,2183,26879,0.1
2026-09-13 06:38:43.467,1,6,Write Single Register,1279,2183,26879,0.027
2026-09-13 06:38:52.816,1,6,Write Single Register,321,40,15576,0.971
2026-09-13 06:38:52.842,1,6,Write Single Register,321,40,15576,0.026
2026-09-13 06:39:07.506,1,6,Write Single Register,1271,744,9784,0.087
2026-09-13 06:39:07.531,1,6,Write Single Register,1271,744,9784,0.025
2026-09-13 06:39:13.817,1,6,Write Single Register,321,21,60697,0.971
2026-09-13 06:39:13.843,1,6,Write Single Register,321,21,60697,0.026
2026-09-13 06:39:23.695,1,6,Write Single Register,1263,72,14777,0.349
2026-09-13 06:39:23.721,1,6,Write Single Register,1263,72,14777,0.026
2026-09-13 06:39:27.817,1,6,Write Single Register,321,11,58777,0.971
2026-09-13 06:39:27.843,1,6,Write Single Register,321,11,58777,0.026
2026-09-13 06:39:31.317,1,6,Write Single Register,321,23,11416,0.971
2026-09-13 06:39:31.343,1,6,Write Single Register,321,23,11416,0.026
2026-09-13 06:39:47.876,1,6,Write Single Register,1269,505,6745,0.029
2026-09-13 06:39:47.902,1,6,Write Single Register,1269,505,6745,0.026
2026-09-13 06:39:52.317,1,6,Write Single Register,321,16,61145,0.97
2026-09-13 06:39:52.343,1,6,Write Single Register,321,16,61145,0.026
2026-09-13 06:39:55.817,1,6,Write Single Register,321,19,61337,0.97
2026-09-13 06:39:55.843,1,6,Write Single Register,321,19,61337,0.026
2026-09-13 06:40:05.711,1,6,Write Single Register,1271,744,9784,0.364
2026-09-13 06:40:05.737,1,6,Write Single Register,1271,744,9784,0.026
2026-09-13 06:40:06.318,1,6,Write Single Register,321,40,15576,0.581
2026-09-13 06:40:06.344,1,6,Write Single Register,321,40,15576,0.026
2026-09-13 06:40:20.318,1,6,Write Single Register,321,40,15576,0.474
2026-09-13 06:40:20.346,1,6,Write Single Register,321,40,15576,0.028
2026-09-13 06:40:21.365,1,6,Write Single Register,1280,2423,28879,0.023
2026-09-13 06:40:21.391,1,6,Write Single Register,1280,2423,28879,0.026
2026-09-13 06:40:27.318,1,6,Write Single Register,321,33,14872,0.97
2026-09-13 06:40:27.344,1,6,Write Single Register,321,33,14872,0.026
2026-09-13 06:40:34.318,1,6,Write Single Register,321,31,60057,0.97
2026-09-13 06:40:34.344,1,6,Write Single Register,321,31,60057,0.026
2026-09-13 06:40:37.818,1,6,Write Single Register,321,47,65177,0.97
2026-09-13 06:40:37.844,1,6,Write Single Register,321,47,65177,0.026
2026-09-13 06:40:43.480,1,6,Write Single Register,1277,1750,13467,0.111
2026-09-13 06:40:43.507,1,6,Write Single Register,1277,1750,13467,0.027
2026-09-13 06:40:44.818,1,6,Write Single Register,321,28,60377,0.97
2026-09-13 06:40:44.844,1,6,Write Single Register,321,28,60377,0.026
2026-09-13 06:40:55.319,1,6,Write Single Register,321,33,14872,0.475
2026-09-13 06:40:55.347,1,6,Write Single Register,321,33,14872,0.028
2026-09-13 06:40:58.819,1,6,Write Single Register,321,45,16152,0.971
2026-09-13 06:40:58.845,1,6,Write Single Register,321,45,16152,0.026
2026-09-13 06:40:59.143,1,6,Write Single Register,1268,403,62856,0.298
2026-09-13 06:40:59.170,1,6,Write Single Register,1268,403,62856,0.027
2026-09-13 06:41:02.319,1,6,Write Single Register,321,34,15192,0.474
2026-09-13 06:41:02.347,1,6,Write Single Register,321,34,15192,0.028
2026-09-13 06:41:12.819,1,6,Write Single Register,321,32,64217,0.474
2026-09-13 06:41:12.847,1,6,Write Single Register,321,32,64217,0.028
2026-09-13 06:41:23.319,1,6,Write Single Register,321,11,58777,0.971
2026-09-13 06:41:23.345,1,6,Write Single Register,321,11,58777,0.026
2026-09-13 06:41:23.992,1,6,Write Single Register,1277,1751,62554,0.071
2026-09-13 06:41:24.018,1,6,Write Single Register,1277,1751,62554,0.026
2026-09-13 06:41:33.819,1,6,Write Single Register,321,32,64217,0.97
2026-09-13 06:41:33.845,1,6,Write Single Register,321,32,64217,0.026
2026-09-13 06:41:40.820,1,6,Write Single Register,321,45,16152,0.971
2026-09-13 06:41:40.845,1,6,Write Single Register,321,45,16152,0.025
2026-09-13 06:41:40.971,1,6,Write Single Register,1273,1037,52891,0.126
2026-09-13 06:41:40.997,1,6,Write Single Register,1273,1037,52891,0.026
2026-09-13 06:41:51.562,1,6,Write Single Register,321,39,14488,0.474
2026-09-13 06:41:51.590,1,6,Write Single Register,321,39,14488,0.028
2026-09-13 06:42:03.919,1,6,Write Single Register,1280,2418,29455,0.332
2026-09-13 06:42:03.945,1,6,Write Single Register,1280,2418,29455,0.026
2026-09-13 06:42:09.062,1,6,Write Single Register,321,29,11032,0.97
2026-09-13 06:42:09.088,1,6,Write Single Register,321,29,11032,0.026
2026-09-13 06:42:19.083,1,6,Write Single Register,1269,501,8025,0.491
2026-09-13 06:42:19.109,1,6,Write Single Register,1269,501,8025,0.026
2026-09-13 06:42:19.562,1,6,Write Single Register,321,47,65177,0.453
2026-09-13 06:42:19.591,1,6,Write Single Register,321,47,65177,0.029
2026-09-13 06:42:26.563,1,6,Write Single Register,321,23,11416,0.971
2026-09-13 06:42:26.588,1,6,Write Single Register,321,23,11416,0.025
2026-09-13 06:42:30.063,1,6,Write Single Register,321,14,58969,0.971
2026-09-13 06:42:30.088,1,6,Write Single Register,321,14,58969,0.025
2026-09-13 06:42:37.063,1,6,Write Single Register,321,17,11800,0.971
2026-09-13 06:42:37.089,1,6,Write Single Register,321,17,11800,0.026
2026-09-13 06:42:37.911,1,6,Write Single Register,1277,1751,62554,0.246
2026-09-13 06:42:37.938,1,6,Write Single Register,1277,1751,62554,0.027
2026-09-13 06:42:55.248,1,6,Write Single Register,1267,310,20473,0.083
2026-09-13 06:42:55.274,1,6,Write Single Register,1267,310,20473,0.026
2026-09-13 06:43:01.563,1,6,Write Single Register,321,14,58969,0.971
2026-09-13 06:43:01.589,1,6,Write Single Register,321,14,58969,0.026
2026-09-13 06:43:05.063,1,6,Write Single Register,321,42,64857,0.97
2026-09-13 06:43:05.089,1,6,Write Single Register,321,42,64857,0.026
2026-09-13 06:43:12.065,1,6,Write Single Register,321,29,11032,0.476
2026-09-13 06:43:12.091,1,6,Write Single Register,321,29,11032,0.026
2026-09-13 06:43:14.969,1,6,Write Single Register,1271,749,9720,0.376
2026-09-13 06:43:14.994,1,6,Write Single Register,1271,749,9720,0.025
2026-09-13 06:43:26.064,1,6,Write Single Register,321,28,60377,0.474
2026-09-13 06:43:26.092,1,6,Write Single Register,321,28,60377,0.028
2026-09-13 06:43:37.916,1,6,Write Single Register,1279,2184,27839,0.328
2026-09-13 06:43:37.944,1,6,Write Single Register,1279,2184,27839,0.028
2026-09-13 06:43:45.102,1,6,Write Single Register,321,30,10840,1.479
2026-09-13 06:43:45.128,1,6,Write Single Register,321,30,10840,0.026
2026-09-13 06:43:52.612,1,6,Write Single Register,321,22,60505,0.474
2026-09-13 06:43:52.640,1,6,Write Single Register,321,22,60505,0.028
2026-09-13 06:43:58.171,1,6,Write Single Register,1280,2420,29071,1.019
2026-09-13 06:43:58.197,1,6,Write Single Register,1280,2420,29071,0.026
2026-09-13 06:44:18.475,1,6,Write Single Register,1275,1373,41531,0.044
2026-09-13 06:44:18.501,1,6,Write Single Register,1275,1373,41531,0.026
2026-09-13 06:44:43.013,1,6,Write Single Register,1262,42,4201,1.019
2026-09-13 06:44:51.129,1,6,Write Single Register,321,30,10840,1.01
2026-09-13 06:45:01.261,1,6,Write Single Register,1280,2418,29455,1.02
2026-09-13 06:45:25.595,1,6,Write Single Register,1278,1959,32938,0.97
2026-09-13 06:45:28.123,1,6,Write Single Register,321,27,10648,1.479
2026-09-13 06:45:28.149,1,6,Write Single Register,321,27,10648,0.026
2026-09-13 06:45:46.290,1,6,Write Single Register,1264,118,12041,0.069
2026-09-13 06:45:46.315,1,6,Write Single Register,1264,118,12041,0.025
2026-09-13 06:45:54.671,1,6,Write Single Register,321,16,61145,0.474
2026-09-13 06:45:54.699,1,6,Write Single Register,321,16,61145,0.028
2026-09-13 06:45:58.171,1,6,Write Single Register,321,33,14872,0.474
2026-09-13 06:45:58.199,1,6,Write Single Register,321,33,14872,0.028
2026-09-13 06:46:03.799,1,6,Write Single Register,1277,1750,13467,0.077
2026-09-13 06:46:03.825,1,6,Write Single Register,1277,1750,13467,0.026
2026-09-13 06:46:15.671,1,6,Write Single Register,321,19,61337,0.97
2026-09-13 06:46:15.697,1,6,Write Single Register,321,19,61337,0.026
2026-09-13 06:46:22.671,1,6,Write Single Register,321,35,64409,0.97
2026-09-13 06:46:22.697,1,6,Write Single Register,321,35,64409,0.026
2026-09-13 06:46:28.459,1,6,Write Single Register,1276,1557,42378,0.237
2026-09-13 06:46:28.485,1,6,Write Single Register,1276,1557,42378,0.026
2026-09-13 06:46:36.672,1,6,Write Single Register,321,10,9560,0.474
2026-09-13 06:46:36.700,1,6,Write Single Register,321,10,9560,0.028
2026-09-13 06:46:49.924,1,6,Write Single Register,1278,1959,32938,0.223
2026-09-13 06:46:49.950,1,6,Write Single Register,1278,1959,32938,0.026
2026-09-13 06:46:50.672,1,6,Write Single Register,321,17,11800,0.474
2026-09-13 06:46:50.700,1,6,Write Single Register,321,17,11800,0.028
2026-09-13 06:47:01.471,1,6,Write Single Register,321,24,10456,0.474
2026-09-13 06:47:01.499,1,6,Write Single Register,321,24,10456,0.028
2026-09-13 06:47:08.471,1,6,Write Single Register,321,15,9880,0.97
2026-09-13 06:47:08.497,1,6,Write Single Register,321,15,9880,0.026
2026-09-13 06:47:14.293,1,6,Write Single Register,1276,1554,26571,0.271
2026-09-13 06:47:14.319,1,6,Write Single Register,1276,1554,26571,0.026
2026-09-13 06:47:15.472,1,6,Write Single Register,321,15,9880,0.475
2026-09-13 06:47:15.500,1,6,Write Single Register,321,15,9880,0.028
2026-09-13 06:47:18.972,1,6,Write Single Register,321,37,63769,0.971
2026-09-13 06:47:18.997,1,6,Write Single Register,321,37,63769,0.025
2026-09-13 06:47:35.932,1,6,Write Single Register,1265,167,45976,0.431
2026-09-13 06:47:35.958,1,6,Write Single Register,1265,167,45976,0.026
2026-09-13 06:47:36.483,1,6,Write Single Register,321,31,60057,0.473
2026-09-13 06:47:36.509,1,6,Write Single Register,321,31,60057,0.026
2026-09-13 06:47:43.483,1,6,Write Single Register,321,49,63001,0.971
2026-09-13 06:47:43.509,1,6,Write Single Register,321,49,63001,0.026
2026-09-13 06:47:46.983,1,6,Write Single Register,321,32,64217,0.971
2026-09-13 06:47:47.009,1,6,Write Single Register,321,32,64217,0.026
2026-09-13 06:47:59.365,1,6,Write Single Register,1269,502,7705,0.357
2026-09-13 06:47:59.391,1,6,Write Single Register,1269,502,7705,0.026
2026-09-13 06:48:21.984,1,6,Write Single Register,321,12,10200,0.971
2026-09-13 06:48:22.010,1,6,Write Single Register,321,12,10200,0.026
2026-09-13 06:48:23.563,1,6,Write Single Register,1262,42,4201,0.054
2026-09-13 06:48:23.589,1,6,Write Single Register,1262,42,4201,0.026
2026-09-13 06:48:39.484,1,6,Write Single Register,321,17,11800,0.474
2026-09-13 06:48:39.512,1,6,Write Single Register,321,17,11800,0.028
2026-09-13 06:48:41.159,1,6,Write Single Register,1272,883,7752,0.15
2026-09-13 06:48:41.185,1,6,Write Single Register,1272,883,7752,0.026
2026-09-13 06:48:42.984,1,6,Write Single Register,321,30,10840,0.97
2026-09-13 06:48:43.010,1,6,Write Single Register,321,30,10840,0.026
2026-09-13 06:48:53.485,1,6,Write Single Register,321,14,58969,0.475
2026-09-13 06:48:53.512,1,6,Write Single Register,321,14,58969,0.027
2026-09-13 06:49:03.985,1,6,Write Single Register,321,10,9560,0.474
2026-09-13 06:49:04.013,1,6,Write Single Register,321,10,9560,0.028
2026-09-13 06:49:05.941,1,6,Write Single Register,1279,2185,44158,0.431
2026-09-13 06:49:05.967,1,6,Write Single Register,1279,2185,44158,0.026
2026-09-13 06:49:27.331,1,6,Write Single Register,1271,746,59321,0.288
2026-09-13 06:49:27.358,1,6,Write Single Register,1271,746,59321,0.027
2026-09-13 06:49:42.493,1,6,Write Single Register,321,30,10840,0.971
2026-09-13 06:49:42.518,1,6,Write Single Register,321,30,10840,0.025
2026-09-13 06:49:47.542,1,6,Write Single Register,1262,48,56296,0.025
2026-09-13 06:49:47.568,1,6,Write Single Register,1262,48,56296,0.026
2026-09-13 06:49:52.993,1,6,Write Single Register,321,35,64409,0.971
2026-09-13 06:49:53.019,1,6,Write Single Register,321,35,64409,0.026
2026-09-13 06:50:11.130,1,6,Write Single Register,1276,1559,25611,0.035
2026-09-13 06:50:11.156,1,6,Write Single Register,1276,1559,25611,0.026
2026-09-13 06:50:13.993,1,6,Write Single Register,321,15,9880,0.474
2026-09-13 06:50:14.021,1,6,Write Single Register,321,15,9880,0.028
2026-09-13 06:50:17.493,1,6,Write Single Register,321,29,11032,0.474
2026-09-13 06:50:17.521,1,6,Write Single Register,321,29,11032,0.028
2026-09-13 06:50:27.994,1,6,Write Single Register,321,46,15960,0.971
2026-09-13 06:50:28.019,1,6,Write Single Register,321,46,15960,0.025
2026-09-13 06:50:31.494,1,6,Write Single Register,321,15,9880,0.971
2026-09-13 06:50:31.520,1,6,Write Single Register,321,15,9880,0.026
2026-09-13 06:50:34.388,1,6,Write Single Register,1275,1369,24890,0.365
2026-09-13 06:50:34.414,1,6,Write Single Register,1275,1369,24890,0.026
2026-09-13 06:50:50.270,1,6,Write Single Register,1279,2183,26879,0.252
2026-09-13 06:50:50.296,1,6,Write Single Register,1279,2183,26879,0.026
2026-09-13 06:50:52.494,1,6,Write Single Register,321,26,59737,0.474
2026-09-13 06:50:52.522,1,6,Write Single Register,321,26,59737,0.028
2026-09-13 06:51:02.994,1,6,Write Single Register,321,39,14488,0.97
2026-09-13 06:51:03.020,1,6,Write Single Register,321,39,14488,0.026
2026-09-13 06:51:10.631,1,6,Write Single Register,1268,408,13001,0.035
2026-09-13 06:51:10.657,1,6,Write Single Register,1268,408,13001,0.026
2026-09-13 06:51:13.654,1,6,Write Single Register,321,33,14872,1.13
2026-09-13 06:51:13.681,1,6,Write Single Register,321,33,14872,0.027
2026-09-13 06:51:16.995,1,6,Write Single Register,321,48,14040,0.475
2026-09-13 06:51:17.022,1,6,Write Single Register,321,48,14040,0.027
2026-09-13 06:51:23.995,1,6,Write Single Register,321,25,59417,0.474
2026-09-13 06:51:24.023,1,6,Write Single Register,321,25,59417,0.028
2026-09-13 06:51:31.650,1,6,Write Single Register,1263,73,63864,0.053
2026-09-13 06:51:31.676,1,6,Write Single Register,1263,73,63864,0.026
2026-09-13 06:51:44.995,1,6,Write Single Register,321,26,59737,0.971
2026-09-13 06:51:45.021,1,6,Write Single Register,321,26,59737,0.026
2026-09-13 06:51:48.495,1,6,Write Single Register,321,35,64409,0.97
2026-09-13 06:51:48.521,1,6,Write Single Register,321,35,64409,0.026
2026-09-13 06:51:55.123,1,6,Write Single Register,1268,399,15497,0.598
2026-09-13 06:51:55.149,1,6,Write Single Register,1268,399,15497,0.026
2026-09-13 06:51:58.995,1,6,Write Single Register,321,40,15576,0.474
2026-09-13 06:51:59.023,1,6,Write Single Register,321,40,15576,0.028
2026-09-13 06:52:05.996,1,6,Write Single Register,321,19,61337,0.971
2026-09-13 06:52:06.022,1,6,Write Single Register,321,19,61337,0.026
2026-09-13 06:52:12.996,1,6,Write Single Register,321,10,9560,0.474
2026-09-13 06:52:13.024,1,6,Write Single Register,321,10,9560,0.028
2026-09-13 06:52:13.214,1,6,Write Single Register,1262,48,56296,0.19
2026-09-13 06:52:13.240,1,6,Write Single Register,1262,48,56296,0.026
2026-09-13 06:52:19.996,1,6,Write Single Register,321,35,64409,0.971
2026-09-13 06:52:20.022,1,6,Write Single Register,321,35,64409,0.026
2026-09-13 06:52:26.996,1,6,Write Single Register,321,39,14488,0.474
2026-09-13 06:52:27.024,1,6,Write Single Register,321,39,14488,0.028
2026-09-13 06:52:34.737,1,6,Write Single Register,1270,622,17640,0.139
2026-09-13 06:52:34.763,1,6,Write Single Register,1270,622,17640,0.026
2026-09-13 06:52:44.496,1,6,Write Single Register,321,47,65177,0.97
2026-09-13 06:52:44.522,1,6,Write Single Register,321,47,65177,0.026
2026-09-13 06:52:52.289,1,6,Write Single Register,1273,1032,52571,0.19
2026-09-13 06:52:52.314,1,6,Write Single Register,1273,1032,52571,0.025
2026-09-13 06:52:54.997,1,6,Write Single Register,321,12,10200,0.971
2026-09-13 06:52:55.022,1,6,Write Single Register,321,12,10200,0.025
2026-09-13 06:53:01.997,1,6,Write Single Register,321,22,60505,0.971
2026-09-13 06:53:02.023,1,6,Write Single Register,321,22,60505,0.026
2026-09-13 06:53:05.497,1,6,Write Single Register,321,45,16152,0.971
2026-09-13 06:53:05.523,1,6,Write Single Register,321,45,16152,0.026
2026-09-13 06:53:08.997,1,6,Write Single Register,321,13,59161,0.971
2026-09-13 06:53:09.023,1,6,Write Single Register,321,13,59161,0.026
2026-09-13 06:53:12.497,1,6,Write Single Register,321,36,14808,0.971
2026-09-13 06:53:12.523,1,6,Write Single Register,321,36,14808,0.026
2026-09-13 06:53:15.997,1,6,Write Single Register,321,42,64857,0.971
2026-09-13 06:53:16.023,1,6,Write Single Register,321,42,64857,0.026
2026-09-13 06:53:16.710,1,6,Write Single Register,1274,1198,46891,0.111
2026-09-13 06:53:16.737,1,6,Write Single Register,1274,1198,46891,0.027
2026-09-13 06:53:19.497,1,6,Write Single Register,321,34,15192,0.971
2026-09-13 06:53:19.523,1,6,Write Single Register,321,34,15192,0.026
2026-09-13 06:53:40.716,1,6,Write Single Register,1276,1561,41098,0.693
2026-09-13 06:53:40.744,1,6,Write Single Register,1276,1561,41098,0.028
2026-09-13 06:53:43.998,1,6,Write Single Register,321,37,63769,0.971
2026-09-13 06:53:44.024,1,6,Write Single Register,321,37,63769,0.026
2026-09-13 06:54:03.368,1,6,Write Single Register,1279,2184,27839,0.345
2026-09-13 06:54:03.394,1,6,Write Single Register,1279,2184,27839,0.026
2026-09-13 06:54:25.057,1,6,Write Single Register,1265,174,46424,0.029
2026-09-13 06:54:25.083,1,6,Write Single Register,1265,174,46424,0.026
2026-09-13 06:54:29.499,1,6,Write Single Register,321,13,59161,0.971
2026-09-13 06:54:29.525,1,6,Write Single Register,321,13,59161,0.026
2026-09-13 06:54:46.797,1,6,Write Single Register,1262,41,4393,0.272
2026-09-13 06:54:46.823,1,6,Write Single Register,1262,41,4393,0.026
2026-09-13 06:55:00.999,1,6,Write Single Register,321,34,15192,0.97
2026-09-13 06:55:01.025,1,6,Write Single Register,321,34,15192,0.026
2026-09-13 06:55:05.449,1,6,Write Single Register,1268,404,14281,0.348
2026-09-13 06:55:05.475,1,6,Write Single Register,1268,404,14281,0.026
2026-09-13 06:55:08.000,1,6,Write Single Register,321,20,11736,0.97
2026-09-13 06:55:08.026,1,6,Write Single Register,321,20,11736,0.026
2026-09-13 06:55:11.501,1,6,Write Single Register,321,28,60377,0.475
2026-09-13 06:55:11.528,1,6,Write Single Register,321,28,60377,0.027
2026-09-13 06:55:22.001,1,6,Write Single Register,321,33,14872,0.971
2026-09-13 06:55:22.027,1,6,Write Single Register,321,33,14872,0.026
2026-09-13 06:55:25.501,1,6,Write Single Register,321,47,65177,0.474
2026-09-13 06:55:25.529,1,6,Write Single Register,321,47,65177,0.028
2026-09-13 06:55:27.396,1,6,Write Single Register,1271,748,58681,0.37
2026-09-13 06:55:27.424,1,6,Write Single Register,1271,748,58681,0.028
