timestamp,hex_data
2026-09-13 05:49:57.946,01 01 00 19 00 03 AD CC
2026-09-13 05:49:57.970,01 01 01 00 51 88
2026-09-13 05:49:57.994,01 02 00 04 00 0C 39 CE
2026-09-13 05:49:58.019,01 02 02 01 00 B8 28
2026-09-13 05:49:58.493,01 03 04 EC 00 0C 85 0A
2026-09-13 05:49:58.545,01 03 18 27 0F 00 1F 00 31 00 48 00 74 00 AE 00 EB 01 37 01 92 01 FF 02 6C 02 EE DF D7
2026-09-13 05:49:58.993,01 04 00 56 00 03 50 1B
2026-09-13 05:49:59.022,01 04 06 00 A1 00 00 00 00 DD 4A
2026-09-13 05:50:00.501,01 10 0B 13 00 03 06 00 D9 00 68 00 F2 2F B4
2026-09-13 05:50:00.535,01 10 0B 13 00 03 73 E9
2026-09-13 05:50:00.561,01 03 04 B0 00 05 85 1E
2026-09-13 05:50:00.595,01 03 0A 00 00 00 00 00 00 00 00 00 00 24 B6
2026-09-13 05:50:00.993,01 01 00 19 00 03 AD CC
2026-09-13 05:50:01.017,01 01 01 00 51 88
2026-09-13 05:50:01.493,01 02 00 04 00 0C 39 CE
2026-09-13 05:50:01.518,01 02 02 00 00 B9 B8
2026-09-13 05:50:01.993,01 03 04 EC 00 0C 85 0A
2026-09-13 05:50:02.044,01 03 18 27 0F 00 1F 00 31 00 48 00 74 00 AE 00 EB 01 37 01 92 01 FF 02 6C 02 EE DF D7
2026-09-13 05:50:02.493,01 04 00 56 00 03 50 1B
2026-09-13 05:50:02.523,01 04 06 00 E7 00 00 00 00 54 85
2026-09-13 05:50:04.001,01 10 0B 13 00 03 06 00 E6 00 6D 00 FC AA 74
2026-09-13 05:50:04.035,01 10 0B 13 00 03 73 E9
2026-09-13 05:50:04.061,01 03 04 B0 00 05 85 1E
2026-09-13 05:50:04.095,01 03 0A 00 00 00 00 00 00 00 00 00 00 24 B6
2026-09-13 05:50:04.493,01 01 00 19 00 03 AD CC
2026-09-13 05:50:04.517,01 01 01 00 51 88
2026-09-13 05:50:04.993,01 02 00 04 00 0C 39 CE
2026-09-13 05:50:05.018,01 02 02 00 00 B9 B8
2026-09-13 05:50:05.493,01 03 04 EC 00 0C 85 0A
2026-09-13 05:50:05.544,01 03 18 27 0F 00 1F 00 31 00 48 00 74 00 AE 00 EB 01 37 01 92 01 FF 02 6C 02 EE DF D7
2026-09-13 05:50:05.993,01 04 00 56 00 03 50 1B
2026-09-13 05:50:06.023,01 04 06 02 44 00 00 00 00 91 7E
2026-09-13 05:50:06.493,01 05 23 34 FF 00 C6 70
2026-09-13 05:50:06.519,01 05 23 34 FF 00 C6 70
2026-09-13 05:50:06.869,01 06 04 F8 03 77 49 DD
2026-09-13 05:50:06.896,01 06 04 F8 03 77 49 DD
2026-09-13 05:50:07.501,01 10 0B 13 00 03 06 00 CB 00 6F 01 01 67 A3
2026-09-13 05:50:07.535,01 10 0B 13 00 03 73 E9
2026-09-13 05:50:07.561,01 03 04 B0 00 05 85 1E
2026-09-13 05:50:07.595,01 03 0A 00 00 00 00 00 00 00 00 00 00 24 B6
2026-09-13 05:50:07.993,01 01 00 19 00 03 AD CC
2026-09-13 05:50:08.017,01 01 01 00 51 88
2026-09-13 05:50:08.493,01 02 00 04 00 0C 39 CE
2026-09-13 05:50:08.518,01 02 02 01 00 B8 28
2026-09-13 05:50:08.993,01 03 04 EC 00 0C 85 0A
2026-09-13 05:50:09.044,01 03 18 27 0F 00 1F 00 31 00 48 00 74 00 AE 00 EB 01 37 01 92 01 FF 02 6C 02 EE DF D7
2026-09-13 05:50:09.493,01 04 00 56 00 03 50 1B
2026-09-13 05:50:09.523,01 04 06 01 46 00 00 00 00 E8 8D
2026-09-13 05:50:09.993,01 05 23 34 FF 00 C6 70
2026-09-13 05:50:10.019,01 05 23 34 FF 00 C6 70
2026-09-13 05:50:11.001,01 10 0B 13 00 03 06 00 EF 00 6E 00 F3 C6 71
2026-09-13 05:50:11.035,01 10 0B 13 00 03 73 E9
2026-09-13 05:50:11.061,01 03 04 B0 00 05 85 1E
2026-09-13 05:50:11.095,01 03 0A 00 00 00 00 00 00 00 00 00 00 24 B6
2026-09-13 05:50:11.493,01 01 00 19 00 03 AD CC
2026-09-13 05:50:11.517,01 01 01 00 51 88
2026-09-13 05:50:11.993,01 02 00 04 00 0C 39 CE
2026-09-13 05:50:12.018,01 02 02 01 00 B8 28
2026-09-13 05:50:12.493,01 03 04 EC 00 0C 85 0A
2026-09-13 05:50:12.544,01 03 18 27 0F 00 1F 00 31 00 48 00 74 00 AE 00 EB 01 37 01 92 01 FF 02 6C 02 EE DF D7
2026-09-13 05:50:12.993,01 04 00 56 00 03 50 1B
2026-09-13 05:50:13.023,01 04 06 02 AB 00 00 00 00 44 A9
2026-09-13 05:50:14.501,01 10 0B 13 00 03 06 00 ED 00 67 00 F2 AE 73
2026-09-13 05:50:14.535,01 10 0B 13 00 03 73 E9
2026-09-13 05:50:14.561,01 03 04 B0 00 05 85 1E
2026-09-13 05:50:14.595,01 03 0A 00 00 00 00 00 00 00 00 00 00 24 B6
2026-09-13 05:50:14.993,01 01 00 19 00 03 AD CC
2026-09-13 05:50:15.017,01 01 01 00 51 88
2026-09-13 05:50:15.493,01 02 00 04 00 0C 39 CE
2026-09-13 05:50:15.518,01 02 02 01 00 B8 28
2026-09-13 05:50:15.993,01 03 04 EC 00 0C 85 0A
2026-09-13 05:50:16.044,01 03 18 27 0F 00 1F 00 31 00 48 00 74 00 AE 00 EB 01 37 01 92 01 FF 02 6C 02 EE DF D7
2026-09-13 05:50:16.493,01 04 00 56 00 03 50 1B
2026-09-13 05:50:16.523,01 04 06 01 60 00 00 00 00 E1 4A
2026-09-13 05:50:18.001,01 10 0B 13 00 03 06 00 E8 00 72 00 F8 F3 B0
2026-09-13 05:50:18.036,01 10 0B 13 00 03 73 E9
2026-09-13 05:50:18.062,01 03 04 B0 00 05 85 1E
2026-09-13 05:50:18.096,01 03 0A 00 00 00 00 00 00 00 00 00 00 24 B6
2026-09-13 05:50:18.493,01 01 00 19 00 03 AD CC
2026-09-13 05:50:18.517,01 01 01 00 51 88
2026-09-13 05:50:18.993,01 02 00 04 00 0C 39 CE
2026-09-13 05:50:19.018,01 02 02 00 00 B9 B8
2026-09-13 05:50:19.493,01 03 04 EC 00 0C 85 0A
2026-09-13 05:50:19.544,01 03 18 27 0F 00 1F 00 31 00 48 00 74 00 AE 00 EB 01 37 01 92 01 FF 02 6C 02 EE DF D7
2026-09-13 05:50:19.993,01 04 00 56 00 03 50 1B
2026-09-13 05:50:20.023,01 04 06 03 1A 00 00 00 00 39 62
2026-09-13 05:50:20.993,01 06 01 41 00 25 19 F9
2026-09-13 05:50:21.019,01 06 01 41 00 25 19 F9
2026-09-13 05:50:21.502,01 10 0B 13 00 03 06 00 CC 00 6E 00 FD 82 72
2026-09-13 05:50:21.536,01 10 0B 13 00 03 73 E9
2026-09-13 05:50:21.562,01 03 04 B0 00 05 85 1E
2026-09-13 05:50:21.596,01 03 0A 00 00 00 00 00 00 00 00 00 00 24 B6
2026-09-13 05:50:21.993,01 01 00 19 00 03 AD CC
2026-09-13 05:50:22.017,01 01 01 00 51 88
2026-09-13 05:50:22.493,01 02 00 04 00 0C 39 CE
2026-09-13 05:50:22.518,01 02 02 01 00 B8 28
2026-09-13 05:50:22.994,01 03 04 EC 00 0C 85 0A
2026-09-13 05:50:23.044,01 03 18 27 0F 00 1F 00 31 00 48 00 74 00 AE 00 EB 01 37 01 92 01 FF 02 6C 02 EE DF D7
2026-09-13 05:50:23.494,01 04 00 56 00 03 50 1B
2026-09-13 05:50:23.523,01 04 06 01 80 00 00 00 00 60 9C
2026-09-13 05:50:23.994,01 05 23 34 00 00 87 80
2026-09-13 05:50:24.019,01 05 23 34 00 00 87 80
2026-09-13 05:50:25.002,01 10 0B 13 00 03 06 00 C9 00 73 00 F5 DF B2
2026-09-13 05:50:25.036,01 10 0B 13 00 03 73 E9
2026-09-13 05:50:25.062,01 03 04 B0 00 05 85 1E
2026-09-13 05:50:25.096,01 03 0A 00 00 00 00 00 00 00 00 00 00 24 B6
2026-09-13 05:50:25.494,01 01 00 19 00 03 AD CC
2026-09-13 05:50:25.517,01 01 01 00 51 88
2026-09-13 05:50:25.994,01 02 00 04 00 0C 39 CE
2026-09-13 05:50:26.018,01 02 02 00 00 B9 B8
2026-09-13 05:50:26.494,01 03 04 EC 00 0C 85 0A
2026-09-13 05:50:26.545,01 03 18 27 0F 00 1F 00 31 00 48 00 74 00 AE 00 EB 01 37 01 92 01 FF 02 6C 02 EE DF D7
2026-09-13 05:50:26.994,01 04 00 56 00 03 50 1B
2026-09-13 05:50:27.023,01 04 06 01 DB 00 00 00 00 05 51
2026-09-13 05:50:27.994,01 06 01 41 00 29 19 FC
2026-09-13 05:50:28.020,01 06 01 41 00 29 19 FC
2026-09-13 05:50:28.502,01 10 0B 13 00 03 06 00 DB 00 72 00 FC F6 77
2026-09-13 05:50:28.536,01 10 0B 13 00 03 73 E9
2026-09-13 05:50:28.562,01 03 04 B0 00 05 85 1E
2026-09-13 05:50:28.596,01 03 0A 00 00 00 00 00 00 00 00 00 00 24 B6
2026-09-13 05:50:28.710,01 06 04 F4 01 98 C9 32
2026-09-13 05:50:28.735,01 06 04 F4 01 98 C9 32
2026-09-13 05:50:28.994,01 01 00 19 00 03 AD CC
2026-09-13 05:50:29.017,01 01 01 00 51 88
2026-09-13 05:50:29.494,01 02 00 04 00 0C 39 CE
2026-09-13 05:50:29.518,01 02 02 00 00 B9 B8
2026-09-13 05:50:29.994,01 03 04 EC 00 0C 85 0A
2026-09-13 05:50:30.045,01 03 18 27 0F 00 1F 00 31 00 48 00 74 00 AE 00 EB 01 37 01 98 01 FF 02 6C 02 EE 75 D7
2026-09-13 05:50:30.494,01 04 00 56 00 03 50 1B
2026-09-13 05:50:30.523,01 04 06 01 57 00 00 00 00 14 8E
2026-09-13 05:50:32.002,01 10 0B 13 00 03 06 00 CE 00 67 00 F2 6B B4
2026-09-13 05:50:32.036,01 10 0B 13 00 03 73 E9
2026-09-13 05:50:32.062,01 03 04 B0 00 05 85 1E
2026-09-13 05:50:32.096,01 03 0A 00 00 00 00 00 00 00 00 00 00 24 B6
2026-09-13 05:50:32.494,01 01 00 19 00 03 AD CC
2026-09-13 05:50:32.517,01 01 01 00 51 88
2026-09-13 05:50:32.994,01 02 00 04 00 0C 39 CE
2026-09-13 05:50:33.018,01 02 02 01 00 B8 28
2026-09-13 05:50:33.494,01 03 04 EC 00 0C 85 0A
2026-09-13 05:50:33.545,01 03 18 27 0F 00 1F 00 31 00 48 00 74 00 AE 00 EB 01 37 01 98 01 FF 02 6C 02 EE 75 D7
2026-09-13 05:50:33.994,01 04 00 56 00 03 50 1B
2026-09-13 05:50:34.023,01 04 06 03 95 00 00 00 00 6C BD
2026-09-13 05:50:35.502,01 10 0B 13 00 03 06 00 F9 00 67 00 FB 5E 76
2026-09-13 05:50:35.536,01 10 0B 13 00 03 73 E9
2026-09-13 05:50:35.562,01 03 04 B0 00 05 85 1E
2026-09-13 05:50:35.596,01 03 0A 00 00 00 00 00 00 00 00 00 00 24 B6
2026-09-13 05:50:35.994,01 01 00 19 00 03 AD CC
2026-09-13 05:50:36.017,01 01 01 00 51 88
2026-09-13 05:50:36.494,01 02 00 04 00 0C 39 CE
2026-09-13 05:50:36.519,01 02 02 01 00 B8 28
2026-09-13 05:50:36.994,01 03 04 EC 00 0C 85 0A
2026-09-13 05:50:37.045,01 03 18 27 0F 00 1F 00 31 00 48 00 74 00 AE 00 EB 01 37 01 98 01 FF 02 6C 02 EE 75 D7
2026-09-13 05:50:37.494,01 04 00 56 00 03 50 1B
2026-09-13 05:50:37.523,01 04 06 02 93 00 00 00 00 E5 6C
2026-09-13 05:50:37.994,01 05 23 34 00 00 87 80
2026-09-13 05:50:38.020,01 05 23 34 00 00 87 80
2026-09-13 05:50:38.494,01 06 01 41 00 18 D8 28
2026-09-13 05:50:38.522,01 06 01 41 00 18 D8 28
2026-09-13 05:50:39.002,01 10 0B 13 00 03 06 00 DA 00 6F 01 03 1A 61
2026-09-13 05:50:39.036,01 10 0B 13 00 03 73 E9
2026-09-13 05:50:39.062,01 03 04 B0 00 05 85 1E
2026-09-13 05:50:39.096,01 03 0A 00 00 00 00 00 00 00 00 00 00 24 B6
2026-09-13 05:50:39.494,01 01 00 19 00 03 AD CC
2026-09-13 05:50:39.517,01 01 01 00 51 88
2026-09-13 05:50:39.994,01 02 00 04 00 0C 39 CE
2026-09-13 05:50:40.019,01 02 02 00 00 B9 B8
2026-09-13 05:50:40.494,01 03 04 EC 00 0C 85 0A
2026-09-13 05:50:40.545,01 03 18 27 0F 00 1F 00 31 00 48 00 74 00 AE 00 EB 01 37 01 98 01 FF 02 6C 02 EE 75 D7
2026-09-13 05:50:40.994,01 04 00 56 00 03 50 1B
2026-09-13 05:50:41.023,01 04 06 01 E0 00 00 00 00 E0 94
2026-09-13 05:50:42.502,01 10 0B 13 00 03 06 00 CF 00 77 00 F2 57 B1
2026-09-13 05:50:42.536,01 10 0B 13 00 03 73 E9
2026-09-13 05:50:42.562,01 03 04 B0 00 05 85 1E
2026-09-13 05:50:42.596,01 03 0A 00 00 00 00 00 00 00 00 00 00 24 B6
2026-09-13 05:50:42.994,01 01 00 19 00 03 AD CC
2026-09-13 05:50:43.018,01 01 01 00 51 88
2026-09-13 05:50:43.494,01 02 00 04 00 0C 39 CE
2026-09-13 05:50:43.519,01 02 02 01 00 B8 28
2026-09-13 05:50:43.994,01 03 04 EC 00 0C 85 0A
2026-09-13 05:50:44.045,01 03 18 27 0F 00 1F 00 31 00 48 00 74 00 AE 00 EB 01 37 01 98 01 FF 02 6C 02 EE 75 D7
2026-09-13 05:50:44.494,01 04 00 56 00 03 50 1B
2026-09-13 05:50:44.523,01 04 06 02 8B 00 00 00 00 C5 6E
2026-09-13 05:50:44.994,01 05 23 34 00 00 87 80
2026-09-13 05:50:45.020,01 05 23 34 00 00 87 80
2026-09-13 05:50:46.002,01 10 0B 13 00 03 06 00 F3 00 6A 01 03 57 A6
2026-09-13 05:50:46.036,01 10 0B 13 00 03 73 E9
2026-09-13 05:50:46.062,01 03 04 B0 00 05 85 1E
2026-09-13 05:50:46.096,01 03 0A 00 00 00 00 00 00 00 00 00 00 24 B6
2026-09-13 05:50:46.494,01 01 00 19 00 03 AD CC
2026-09-13 05:50:46.518,01 01 01 00 51 88
2026-09-13 05:50:46.994,01 02 00 04 00 0C 39 CE
2026-09-13 05:50:47.019,01 02 02 01 00 B8 28
2026-09-13 05:50:47.494,01 03 04 EC 00 0C 85 0A
2026-09-13 05:50:47.545,01 03 18 27 0F 00 1F 00 31 00 48 00 74 00 AE 00 EB 01 37 01 98 01 FF 02 6C 02 EE 75 D7
2026-09-13 05:50:47.994,01 04 00 56 00 03 50 1B
2026-09-13 05:50:48.023,01 04 06 00 A9 00 00 00 00 3C 8B
2026-09-13 05:50:49.502,01 10 0B 13 00 03 06 00 DD 00 65 00 F8 CF B0
2026-09-13 05:50:49.536,01 10 0B 13 00 03 73 E9
2026-09-13 05:50:49.562,01 03 04 B0 00 05 85 1E
2026-09-13 05:50:49.596,01 03 0A 00 00 00 00 00 00 00 00 00 00 24 B6
2026-09-13 05:50:49.994,01 01 00 19 00 03 AD CC
2026-09-13 05:50:50.018,01 01 01 00 51 88
2026-09-13 05:50:50.494,01 02 00 04 00 0C 39 CE
2026-09-13 05:50:50.519,01 02 02 01 00 B8 28
2026-09-13 05:50:50.994,01 03 04 EC 00 0C 85 0A
2026-09-13 05:50:51.045,01 03 18 27 0F 00 1F 00 31 00 48 00 74 00 AE 00 EB 01 37 01 98 01 FF 02 6C 02 EE 75 D7
2026-09-13 05:50:51.494,01 04 00 56 00 03 50 1B
2026-09-13 05:50:51.523,01 04 06 03 8B 00 00 00 00 C4 BF
2026-09-13 05:50:52.871,01 06 04 F8 03 71 C9 DF
2026-09-13 05:50:52.898,01 06 04 F8 03 71 C9 DF
2026-09-13 05:50:53.002,01 10 0B 13 00 03 06 00 E1 00 68 00 FF 4F B4
2026-09-13 05:50:53.036,01 10 0B 13 00 03 73 E9
2026-09-13 05:50:53.062,01 03 04 B0 00 05 85 1E
2026-09-13 05:50:53.096,01 03 0A 00 00 00 00 00 00 00 00 00 00 24 B6
2026-09-13 05:50:53.494,01 01 00 19 00 03 AD CC
2026-09-13 05:50:53.518,01 01 01 00 51 88
2026-09-13 05:50:53.994,01 02 00 04 00 0C 39 CE
2026-09-13 05:50:54.019,01 02 02 01 00 B8 28
2026-09-13 05:50:54.494,01 03 04 EC 00 0C 85 0A
2026-09-13 05:50:54.545,01 03 18 27 0F 00 1F 00 31 00 48 00 74 00 AE 00 EB 01 37 01 98 01 FF 02 6C 02 EE 75 D7
2026-09-13 05:50:54.994,01 04 00 56 00 03 50 1B
2026-09-13 05:50:55.024,01 04 06 02 24 00 00 00 00 11 76
2026-09-13 05:50:55.494,01 05 23 34 FF 00 C6 70
2026-09-13 05:50:55.520,01 05 23 34 FF 00 C6 70
2026-09-13 05:50:56.502,01 10 0B 13 00 03 06 00 F2 00 65 00 FE 9A 74
2026-09-13 05:50:56.536,01 10 0B 13 00 03 73 E9
2026-09-13 05:50:56.562,01 03 04 B0 00 05 85 1E
2026-09-13 05:50:56.596,01 03 0A 00 00 00 00 00 00 00 00 00 00 24 B6
2026-09-13 05:50:56.994,01 01 00 19 00 03 AD CC
2026-09-13 05:50:57.018,01 01 01 00 51 88
2026-09-13 05:50:57.494,01 02 00 04 00 0C 39 CE
2026-09-13 05:50:57.519,01 02 02 01 00 B8 28
2026-09-13 05:50:57.994,01 03 04 EC 00 0C 85 0A
2026-09-13 05:50:58.045,01 03 18 27 0F 00 1F 00 31 00 48 00 74 00 AE 00 EB 01 37 01 98 01 FF 02 6C 02 EE 75 D7
2026-09-13 05:50:58.494,01 04 00 56 00 03 50 1B
2026-09-13 05:50:58.524,01 04 06 00 65 00 00 00 00 2C 9B
2026-09-13 05:51:00.002,01 10 0B 13 00 03 06 00 EB 00 6E 00 FA F7 B7
2026-09-13 05:51:00.036,01 10 0B 13 00 03 73 E9
2026-09-13 05:51:00.062,01 03 04 B0 00 05 85 1E
2026-09-13 05:51:00.096,01 03 0A 00 00 00 00 00 00 00 00 00 00 24 B6
2026-09-13 05:51:00.494,01 01 00 19 00 03 AD CC
2026-09-13 05:51:00.518,01 01 01 00 51 88
2026-09-13 05:51:00.994,01 02 00 04 00 0C 39 CE
2026-09-13 05:51:01.019,01 02 02 00 00 B9 B8
2026-09-13 05:51:01.494,01 03 04 EC 00 0C 85 0A
2026-09-13 05:51:01.545,01 03 18 27 0F 00 1F 00 31 00 48 00 74 00 AE 00 EB 01 37 01 98 01 FF 02 6C 02 EE 75 D7
2026-09-13 05:51:01.994,01 04 00 56 00 03 50 1B
2026-09-13 05:51:02.024,01 04 06 01 0A 00 00 00 00 F9 43
2026-09-13 05:51:03.502,01 10 0B 13 00 03 06 00 D8 00 75 00 FE 82 77
2026-09-13 05:51:03.536,01 10 0B 13 00 03 73 E9
2026-09-13 05:51:03.562,01 03 04 B0 00 05 85 1E
2026-09-13 05:51:03.596,01 03 0A 00 00 00 00 00 00 00 00 00 00 24 B6
2026-09-13 05:51:03.994,01 01 00 19 00 03 AD CC
2026-09-13 05:51:04.018,01 01 01 00 51 88
2026-09-13 05:51:04.494,01 02 00 04 00 0C 39 CE
2026-09-13 05:51:04.519,01 02 02 00 00 B9 B8
2026-09-13 05:51:04.994,01 03 04 EC 00 0C 85 0A
2026-09-13 05:51:05.045,01 03 18 27 0F 00 1F 00 31 00 48 00 74 00 AE 00 EB 01 37 01 98 01 FF 02 6C 02 EE 75 D7
2026-09-13 05:51:05.494,01 04 00 56 00 03 50 1B
2026-09-13 05:51:05.524,01 04 06 02 02 00 00 00 00 18 B1
2026-09-13 05:51:06.494,01 06 01 41 00 17 98 2C
2026-09-13 05:51:06.520,01 06 01 41 00 17 98 2C
2026-09-13 05:51:07.002,01 10 0B 13 00 03 06 00 DD 00 6C 00 FC 1E 71
2026-09-13 05:51:07.036,01 10 0B 13 00 03 73 E9
2026-09-13 05:51:07.062,01 03 04 B0 00 05 85 1E
2026-09-13 05:51:07.096,01 03 0A 00 00 00 00 00 00 00 00 00 00 24 B6
2026-09-13 05:51:07.494,01 01 00 19 00 03 AD CC
2026-09-13 05:51:07.518,01 01 01 00 51 88
2026-09-13 05:51:07.994,01 02 00 04 00 0C 39 CE
2026-09-13 05:51:08.019,01 02 02 00 00 B9 B8
2026-09-13 05:51:08.494,01 03 04 EC 00 0C 85 0A
2026-09-13 05:51:08.545,01 03 18 27 0F 00 1F 00 31 00 48 00 74 00 AE 00 EB 01 37 01 98 01 FF 02 6C 02 EE 75 D7
2026-09-13 05:51:08.994,01 04 00 56 00 03 50 1B
2026-09-13 05:51:09.024,01 04 06 00 73 00 00 00 00 65 58
2026-09-13 05:51:10.502,01 10 0B 13 00 03 06 00 CD 00 76 00 FC FE 75
2026-09-13 05:51:10.537,01 10 0B 13 00 03 73 E9
2026-09-13 05:51:10.563,01 03 04 B0 00 05 85 1E
2026-09-13 05:51:10.597,01 03 0A 00 00 00 00 00 00 00 00 00 00 24 B6
2026-09-13 05:51:10.994,01 01 00 19 00 03 AD CC
2026-09-13 05:51:11.018,01 01 01 00 51 88
2026-09-13 05:51:11.494,01 02 00 04 00 0C 39 CE
2026-09-13 05:51:11.519,01 02 02 01 00 B8 28
2026-09-13 05:51:11.994,01 03 04 EC 00 0C 85 0A
2026-09-13 05:51:12.045,01 03 18 27 0F 00 1F 00 31 00 48 00 74 00 AE 00 EB 01 37 01 98 01 FF 02 6C 02 EE 75 D7
2026-09-13 05:51:12.494,01 04 00 56 00 03 50 1B
2026-09-13 05:51:12.524,01 04 06 02 2C 00 00 00 00 F0 B7
2026-09-13 05:51:14.003,01 10 0B 13 00 03 06 00 D3 00 70 00 F2 37 B2
2026-09-13 05:51:14.037,01 10 0B 13 00 03 73 E9
2026-09-13 05:51:14.063,01 03 04 B0 00 05 85 1E
2026-09-13 05:51:14.097,01 03 0A 00 00 00 00 00 00 00 00 00 00 24 B6
2026-09-13 05:51:14.494,01 01 00 19 00 03 AD CC
2026-09-13 05:51:14.518,01 01 01 00 51 88
2026-09-13 05:51:14.587,01 06 04 F3 01 3E F8 89
2026-09-13 05:51:14.612,01 06 04 F3 01 3E F8 89
2026-09-13 05:51:14.995,01 02 00 04 00 0C 39 CE
2026-09-13 05:51:15.020,01 02 02 01 00 B8 28
2026-09-13 05:51:15.495,01 03 04 EC 00 0C 85 0A
2026-09-13 05:51:15.546,01 03 18 27 0F 00 1F 00 31 00 48 00 74 00 AE 00 EB 01 3E 01 98 01 FF 02 6C 02 EE 1F 87
2026-09-13 05:51:15.995,01 04 00 56 00 03 50 1B
2026-09-13 05:51:16.024,01 04 06 01 43 00 00 00 00 24 8D
2026-09-13 05:51:17.503,01 10 0B 13 00 03 06 00 EE 00 72 01 03 3B A3
2026-09-13 05:51:17.537,01 10 0B 13 00 03 73 E9
2026-09-13 05:51:17.563,01 03 04 B0 00 05 85 1E
2026-09-13 05:51:17.597,01 03 0A 00 00 00 00 00 00 00 00 00 00 24 B6
2026-09-13 05:51:17.995,01 01 00 19 00 03 AD CC
2026-09-13 05:51:18.018,01 01 01 00 51 88
2026-09-13 05:51:18.495,01 02 00 04 00 0C 39 CE
2026-09-13 05:51:18.519,01 02 02 01 00 B8 28
2026-09-13 05:51:18.995,01 03 04 EC 00 0C 85 0A
2026-09-13 05:51:19.046,01 03 18 27 0F 00 1F 00 31 00 48 00 74 00 AE 00 EB 01 3E 01 98 01 FF 02 6C 02 EE 1F 87
2026-09-13 05:51:19.495,01 04 00 56 00 03 50 1B
2026-09-13 05:51:19.524,01 04 06 03 74 00 00 00 00 D0 AB
2026-09-13 05:51:19.995,01 05 23 34 FF 00 C6 70
2026-09-13 05:51:20.021,01 05 23 34 FF 00 C6 70
2026-09-13 05:51:21.003,01 10 0B 13 00 03 06 00 D7 00 76 00 FB E6 75
2026-09-13 05:51:21.037,01 10 0B 13 00 03 73 E9
2026-09-13 05:51:21.063,01 03 04 B0 00 05 85 1E
2026-09-13 05:51:21.097,01 03 0A 00 00 00 00 00 00 00 00 00 00 24 B6
2026-09-13 05:51:21.495,01 01 00 19 00 03 AD CC
2026-09-13 05:51:21.518,01 01 01 00 51 88
2026-09-13 05:51:21.995,01 02 00 04 00 0C 39 CE
2026-09-13 05:51:22.019,01 02 02 01 00 B8 28
2026-09-13 05:51:22.495,01 03 04 EC 00 0C 85 0A
2026-09-13 05:51:22.546,01 03 18 27 0F 00 1F 00 31 00 48 00 74 00 AE 00 EB 01 3E 01 98 01 FF 02 6C 02 EE 1F 87
2026-09-13 05:51:22.995,01 04 00 56 00 03 50 1B
2026-09-13 05:51:23.024,01 04 06 03 77 00 00 00 00 94 AB
2026-09-13 05:51:23.495,01 05 23 34 FF 00 C6 70
2026-09-13 05:51:23.521,01 05 23 34 FF 00 C6 70
2026-09-13 05:51:23.995,01 06 01 41 00 23 99 FB
2026-09-13 05:51:24.023,01 06 01 41 00 23 99 FB
2026-09-13 05:51:24.503,01 10 0B 13 00 03 06 00 CD 00 70 00 FA 9E 76
2026-09-13 05:51:24.537,01 10 0B 13 00 03 73 E9
2026-09-13 05:51:24.563,01 03 04 B0 00 05 85 1E
2026-09-13 05:51:24.597,01 03 0A 00 00 00 00 00 00 00 00 00 00 24 B6
2026-09-13 05:51:24.995,01 01 00 19 00 03 AD CC
2026-09-13 05:51:25.018,01 01 01 00 51 88
2026-09-13 05:51:25.495,01 02 00 04 00 0C 39 CE
2026-09-13 05:51:25.519,01 02 02 01 00 B8 28
2026-09-13 05:51:25.995,01 03 04 EC 00 0C 85 0A
2026-09-13 05:51:26.046,01 03 18 27 0F 00 1F 00 31 00 48 00 74 00 AE 00 EB 01 3E 01 98 01 FF 02 6C 02 EE 1F 87
2026-09-13 05:51:26.495,01 04 00 56 00 03 50 1B
2026-09-13 05:51:26.524,01 04 06 02 6D 00 00 00 00 CC B8
2026-09-13 05:51:27.495,01 06 01 41 00 12 58 2F
2026-09-13 05:51:27.521,01 06 01 41 00 12 58 2F
2026-09-13 05:51:28.003,01 10 0B 13 00 03 06 00 E0 00 64 00 F6 72 71
2026-09-13 05:51:28.037,01 10 0B 13 00 03 73 E9
2026-09-13 05:51:28.063,01 03 04 B0 00 05 85 1E
2026-09-13 05:51:28.097,01 03 0A 00 00 00 00 00 00 00 00 00 00 24 B6
2026-09-13 05:51:28.495,01 01 00 19 00 03 AD CC
2026-09-13 05:51:28.518,01 01 01 00 51 88
2026-09-13 05:51:28.995,01 02 00 04 00 0C 39 CE
2026-09-13 05:51:29.020,01 02 02 01 00 B8 28
2026-09-13 05:51:29.495,01 03 04 EC 00 0C 85 0A
2026-09-13 05:51:29.546,01 03 18 27 0F 00 1F 00 31 00 48 00 74 00 AE 00 EB 01 3E 01 98 01 FF 02 6C 02 EE 1F 87
2026-09-13 05:51:29.995,01 04 00 56 00 03 50 1B
2026-09-13 05:51:30.024,01 04 06 02 9D 00 00 00 00 8C AD
2026-09-13 05:51:31.096,01 06 04 F9 04 0C 5A 0E
2026-09-13 05:51:31.122,01 06 04 F9 04 0C 5A 0E
2026-09-13 05:51:31.503,01 10 0B 13 00 03 06 00 F7 00 6C 01 00 06 66
2026-09-13 05:51:31.537,01 10 0B 13 00 03 73 E9
2026-09-13 05:51:31.563,01 03 04 B0 00 05 85 1E
2026-09-13 05:51:31.597,01 03 0A 00 00 00 00 00 00 00 00 00 00 24 B6
2026-09-13 05:51:31.995,01 01 00 19 00 03 AD CC
2026-09-13 05:51:32.018,01 01 01 00 51 88
2026-09-13 05:51:32.495,01 02 00 04 00 0C 39 CE
2026-09-13 05:51:32.520,01 02 02 01 00 B8 28
2026-09-13 05:51:32.995,01 03 04 EC 00 0C 85 0A
2026-09-13 05:51:33.046,01 03 18 27 0F 00 1F 00 31 00 48 00 74 00 AE 00 EB 01 3E 01 98 01 FF 02 6C 02 EE 1F 87
2026-09-13 05:51:33.495,01 04 00 56 00 03 50 1B
2026-09-13 05:51:33.524,01 04 06 01 E8 00 00 00 00 01 55
2026-09-13 05:51:35.003,01 10 0B 13 00 03 06 00 E8 00 67 00 F8 E2 74
2026-09-13 05:51:35.037,01 10 0B 13 00 03 73 E9
2026-09-13 05:51:35.063,01 03 04 B0 00 05 85 1E
2026-09-13 05:51:35.097,01 03 0A 00 00 00 00 00 00 00 00 00 00 24 B6
2026-09-13 05:51:35.495,01 01 00 19 00 03 AD CC
2026-09-13 05:51:35.519,01 01 01 00 51 88
2026-09-13 05:51:35.995,01 02 00 04 00 0C 39 CE
2026-09-13 05:51:36.020,01 02 02 01 00 B8 28
2026-09-13 05:51:36.495,01 03 04 EC 00 0C 85 0A
2026-09-13 05:51:36.546,01 03 18 27 0F 00 1F 00 31 00 48 00 74 00 AE 00 EB 01 3E 01 98 01 FF 02 6C 02 EE 1F 87
2026-09-13 05:51:36.995,01 04 00 56 00 03 50 1B
2026-09-13 05:51:37.024,01 04 06 03 96 00 00 00 00 28 BD
2026-09-13 05:51:38.503,01 10 0B 13 00 03 06 00 D9 00 6A 01 03 4E 60
2026-09-13 05:51:38.537,01 10 0B 13 00 03 73 E9
2026-09-13 05:51:38.563,01 03 04 B0 00 05 85 1E
2026-09-13 05:51:38.597,01 03 0A 00 00 00 00 00 00 00 00 00 00 24 B6
2026-09-13 05:51:38.995,01 01 00 19 00 03 AD CC
2026-09-13 05:51:39.019,01 01 01 00 51 88
2026-09-13 05:51:39.495,01 02 00 04 00 0C 39 CE
2026-09-13 05:51:39.520,01 02 02 00 00 B9 B8
2026-09-13 05:51:39.995,01 03 04 EC 00 0C 85 0A
2026-09-13 05:51:40.046,01 03 18 27 0F 00 1F 00 31 00 48 00 74 00 AE 00 EB 01 3E 01 98 01 FF 02 6C 02 EE 1F 87
2026-09-13 05:51:40.495,01 04 00 56 00 03 50 1B
2026-09-13 05:51:40.524,01 04 06 01 0C 00 00 00 00 71 43
2026-09-13 05:51:42.003,01 10 0B 13 00 03 06 00 CB 00 6D 00 F1 C7 B7
2026-09-13 05:51:42.037,01 10 0B 13 00 03 73 E9
2026-09-13 05:51:42.063,01 03 04 B0 00 05 85 1E
2026-09-13 05:51:42.097,01 03 0A 00 00 00 00 00 00 00 00 00 00 24 B6
2026-09-13 05:51:42.495,01 01 00 19 00 03 AD CC
2026-09-13 05:51:42.519,01 01 01 00 51 88
2026-09-13 05:51:42.995,01 02 00 04 00 0C 39 CE
2026-09-13 05:51:43.020,01 02 02 00 00 B9 B8
2026-09-13 05:51:43.495,01 03 04 EC 00 0C 85 0A
2026-09-13 05:51:43.546,01 03 18 27 0F 00 1F 00 31 00 48 00 74 00 AE 00 EB 01 3E 01 98 01 FF 02 6C 02 EE 1F 87
2026-09-13 05:51:43.995,01 04 00 56 00 03 50 1B
2026-09-13 05:51:44.024,01 04 06 02 E0 00 00 00 00 E0 A7
2026-09-13 05:51:45.503,01 10 0B 13 00 03 06 00 E1 00 68 00 F8 0E 76
2026-09-13 05:51:45.537,01 10 0B 13 00 03 73 E9
2026-09-13 05:51:45.563,01 03 04 B0 00 05 85 1E
2026-09-13 05:51:45.597,01 03 0A 00 00 00 00 00 00 00 00 00 00 24 B6
2026-09-13 05:51:45.995,01 01 00 19 00 03 AD CC
2026-09-13 05:51:46.019,01 01 01 00 51 88
2026-09-13 05:51:46.495,01 02 00 04 00 0C 39 CE
2026-09-13 05:51:46.520,01 02 02 00 00 B9 B8
2026-09-13 05:51:46.995,01 03 04 EC 00 0C 85 0A
2026-09-13 05:51:47.046,01 03 18 27 0F 00 1F 00 31 00 48 00 74 00 AE 00 EB 01 3E 01 98 01 FF 02 6C 02 EE 1F 87
2026-09-13 05:51:47.495,01 04 00 56 00 03 50 1B
2026-09-13 05:51:47.525,01 04 06 00 F7 00 00 00 00 95 46
2026-09-13 05:51:48.495,01 06 01 41 00 2C D9 FF
2026-09-13 05:51:48.521,01 06 01 41 00 2C D9 FF
2026-09-13 05:51:49.003,01 10 0B 13 00 03 06 00 E0 00 76 00 F6 D2 74
2026-09-13 05:51:49.037,01 10 0B 13 00 03 73 E9
2026-09-13 05:51:49.063,01 03 04 B0 00 05 85 1E
2026-09-13 05:51:49.097,01 03 0A 00 00 00 00 00 00 00 00 00 00 24 B6
2026-09-13 05:51:49.495,01 01 00 19 00 03 AD CC
2026-09-13 05:51:49.519,01 01 01 00 51 88
2026-09-13 05:51:49.995,01 02 00 04 00 0C 39 CE
2026-09-13 05:51:50.020,01 02 02 00 00 B9 B8
2026-09-13 05:51:50.495,01 03 04 EC 00 0C 85 0A
2026-09-13 05:51:50.546,01 03 18 27 0F 00 1F 00 31 00 48 00 74 00 AE 00 EB 01 3E 01 98 01 FF 02 6C 02 EE 1F 87
2026-09-13 05:51:50.995,01 04 00 56 00 03 50 1B
2026-09-13 05:51:51.025,01 04 06 00 D2 00 00 00 00 D8 81
2026-09-13 05:51:52.503,01 10 0B 13 00 03 06 00 C9 00 6D 00 FF 3F B3
2026-09-13 05:51:52.537,01 10 0B 13 00 03 73 E9
2026-09-13 05:51:52.563,01 03 04 B0 00 05 85 1E
2026-09-13 05:51:52.597,01 03 0A 00 00 00 00 00 00 00 00 00 00 24 B6
2026-09-13 05:51:52.995,01 01 00 19 00 03 AD CC
2026-09-13 05:51:53.019,01 01 01 00 51 88
2026-09-13 05:51:53.495,01 02 00 04 00 0C 39 CE
2026-09-13 05:51:53.520,01 02 02 01 00 B8 28
2026-09-13 05:51:53.995,01 03 04 EC 00 0C 85 0A
2026-09-13 05:51:54.046,01 03 18 27 0F 00 1F 00 31 00 48 00 74 00 AE 00 EB 01 3E 01 98 01 FF 02 6C 02 EE 1F 87
2026-09-13 05:51:54.442,01 06 04 F2 00 EA A8 86
2026-09-13 05:51:54.468,01 06 04 F2 00 EA A8 86
2026-09-13 05:51:54.495,01 04 00 56 00 03 50 1B
2026-09-13 05:51:54.527,01 04 06 02 7C 00 00 00 00 30 BB
2026-09-13 05:51:56.003,01 10 0B 13 00 03 06 00 EF 00 68 00 F8 67 B7
2026-09-13 05:51:56.038,01 10 0B 13 00 03 73 E9
2026-09-13 05:51:56.063,01 03 04 B0 00 05 85 1E
2026-09-13 05:51:56.097,01 03 0A 00 00 00 00 00 00 00 00 00 00 24 B6
2026-09-13 05:51:56.495,01 01 00 19 00 03 AD CC
2026-09-13 05:51:56.519,01 01 01 00 51 88
2026-09-13 05:51:56.995,01 02 00 04 00 0C 39 CE
2026-09-13 05:51:57.020,01 02 02 00 00 B9 B8
2026-09-13 05:51:57.495,01 03 04 EC 00 0C 85 0A
2026-09-13 05:51:57.546,01 03 18 27 0F 00 1F 00 31 00 48 00 74 00 AE 00 EA 01 3E 01 98 01 FF 02 6C 02 EE 1B 7B
2026-09-13 05:51:57.995,01 04 00 56 00 03 50 1B
2026-09-13 05:51:58.025,01 04 06 01 D6 00 00 00 00 28 90
2026-09-13 05:51:59.503,01 10 0B 13 00 03 06 00 DD 00 64 01 02 1F A3
2026-09-13 05:51:59.538,01 10 0B 13 00 03 73 E9
2026-09-13 05:51:59.564,01 03 04 B0 00 05 85 1E
2026-09-13 05:51:59.597,01 03 0A 00 00 00 00 00 00 00 00 00 00 24 B6
2026-09-13 05:51:59.995,01 01 00 19 00 03 AD CC
2026-09-13 05:52:00.019,01 01 01 00 51 88
2026-09-13 05:52:00.495,01 02 00 04 00 0C 39 CE
2026-09-13 05:52:00.520,01 02 02 00 00 B9 B8
2026-09-13 05:52:00.995,01 03 04 EC 00 0C 85 0A
2026-09-13 05:52:01.046,01 03 18 27 0F 00 1F 00 31 00 48 00 74 00 AE 00 EA 01 3E 01 98 01 FF 02 6C 02 EE 1B 7B
2026-09-13 05:52:01.495,01 04 00 56 00 03 50 1B
2026-09-13 05:52:01.525,01 04 06 02 D4 00 00 00 00 51 63
2026-09-13 05:52:03.004,01 10 0B 13 00 03 06 00 DE 00 73 00 FC 6B B7
2026-09-13 05:52:03.038,01 10 0B 13 00 03 73 E9
2026-09-13 05:52:03.064,01 03 04 B0 00 05 85 1E
2026-09-13 05:52:03.098,01 03 0A 00 00 00 00 00 00 00 00 00 00 24 B6
2026-09-13 05:52:03.495,01 01 00 19 00 03 AD CC
2026-09-13 05:52:03.519,01 01 01 00 51 88
2026-09-13 05:52:03.995,01 02 00 04 00 0C 39 CE
2026-09-13 05:52:04.020,01 02 02 01 00 B8 28
2026-09-13 05:52:04.495,01 03 04 EC 00 0C 85 0A
2026-09-13 05:52:04.546,01 03 18 27 0F 00 1F 00 31 00 48 00 74 00 AE 00 EA 01 3E 01 98 01 FF 02 6C 02 EE 1B 7B
2026-09-13 05:52:04.995,01 04 00 56 00 03 50 1B
2026-09-13 05:52:05.025,01 04 06 00 7D 00 00 00 00 0C 99
2026-09-13 05:52:06.504,01 10 0B 13 00 03 06 00 EE 00 75 00 F8 CA 71
2026-09-13 05:52:06.538,01 10 0B 13 00 03 73 E9
2026-09-13 05:52:06.564,01 03 04 B0 00 05 85 1E
2026-09-13 05:52:06.598,01 03 0A 00 00 00 00 00 00 00 00 00 00 24 B6
2026-09-13 05:52:06.996,01 01 00 19 00 03 AD CC
2026-09-13 05:52:07.019,01 01 01 00 51 88
2026-09-13 05:52:07.496,01 02 00 04 00 0C 39 CE
2026-09-13 05:52:07.520,01 02 02 00 00 B9 B8
2026-09-13 05:52:07.996,01 03 04 EC 00 0C 85 0A
2026-09-13 05:52:08.047,01 03 18 27 0F 00 1F 00 31 00 48 00 74 00 AE 00 EA 01 3E 01 98 01 FF 02 6C 02 EE 1B 7B
2026-09-13 05:52:08.496,01 04 00 56 00 03 50 1B
2026-09-13 05:52:08.525,01 04 06 01 F4 00 00 00 00 D0 97
2026-09-13 05:52:10.004,01 10 0B 13 00 03 06 00 F4 00 74 00 F9 03 B3
2026-09-13 05:52:10.038,01 10 0B 13 00 03 73 E9
2026-09-13 05:52:10.064,01 03 04 B0 00 05 85 1E
2026-09-13 05:52:10.098,01 03 0A 00 00 00 00 00 00 00 00 00 00 24 B6
2026-09-13 05:52:10.496,01 01 00 19 00 03 AD CC
2026-09-13 05:52:10.519,01 01 01 00 51 88
2026-09-13 05:52:10.996,01 02 00 04 00 0C 39 CE
2026-09-13 05:52:11.020,01 02 02 01 00 B8 28
2026-09-13 05:52:11.496,01 03 04 EC 00 0C 85 0A
2026-09-13 05:52:11.547,01 03 18 27 0F 00 1F 00 31 00 48 00 74 00 AE 00 EA 01 3E 01 98 01 FF 02 6C 02 EE 1B 7B
2026-09-13 05:52:11.996,01 04 00 56 00 03 50 1B
2026-09-13 05:52:12.025,01 04 06 00 DE 00 00 00 00 C8 80
2026-09-13 05:52:12.496,01 05 23 34 FF 00 C6 70
2026-09-13 05:52:12.522,01 05 23 34 FF 00 C6 70
2026-09-13 05:52:13.504,01 10 0B 13 00 03 06 00 D8 00 6C 00 FB 93 B3
2026-09-13 05:52:13.538,01 10 0B 13 00 03 73 E9
2026-09-13 05:52:13.564,01 03 04 B0 00 05 85 1E
2026-09-13 05:52:13.598,01 03 0A 00 00 00 00 00 00 00 00 00 00 24 B6
2026-09-13 05:52:13.632,01 06 04 FA 04 A7 EB B1
2026-09-13 05:52:13.658,01 06 04 FA 04 A7 EB B1
2026-09-13 05:52:13.996,01 01 00 19 00 03 AD CC
2026-09-13 05:52:14.019,01 01 01 00 51 88
2026-09-13 05:52:14.496,01 02 00 04 00 0C 39 CE
2026-09-13 05:52:14.520,01 02 02 00 00 B9 B8
2026-09-13 05:52:14.996,01 03 04 EC 00 0C 85 0A
2026-09-13 05:52:15.047,01 03 18 27 0F 00 1F 00 31 00 48 00 74 00 AE 00 EA 01 3E 01 98 01 FF 02 6C 02 EE 1B 7B
2026-09-13 05:52:15.496,01 04 00 56 00 03 50 1B
2026-09-13 05:52:15.525,01 04 06 01 4D 00 00 00 00 4D 4C
2026-09-13 05:52:17.004,01 10 0B 13 00 03 06 00 D0 00 77 00 F6 C3 B0
2026-09-13 05:52:17.038,01 10 0B 13 00 03 73 E9
2026-09-13 05:52:17.064,01 03 04 B0 00 05 85 1E
2026-09-13 05:52:17.098,01 03 0A 00 00 00 00 00 00 00 00 00 00 24 B6
2026-09-13 05:52:17.496,01 01 00 19 00 03 AD CC
2026-09-13 05:52:17.519,01 01 01 00 51 88
2026-09-13 05:52:17.996,01 02 00 04 00 0C 39 CE
2026-09-13 05:52:18.020,01 02 02 00 00 B9 B8
2026-09-13 05:52:18.496,01 03 04 EC 00 0C 85 0A
2026-09-13 05:52:18.547,01 03 18 27 0F 00 1F 00 31 00 48 00 74 00 AE 00 EA 01 3E 01 98 01 FF 02 6C 02 EE 1B 7B
2026-09-13 05:52:18.996,01 04 00 56 00 03 50 1B
2026-09-13 05:52:19.025,01 04 06 03 A6 00 00 00 00 68 B9
2026-09-13 05:52:19.996,01 06 01 41 00 15 19 ED
2026-09-13 05:52:20.022,01 06 01 41 00 15 19 ED
2026-09-13 05:52:20.504,01 10 0B 13 00 03 06 00 EF 00 65 00 F0 F7 B2
2026-09-13 05:52:20.538,01 10 0B 13 00 03 73 E9
2026-09-13 05:52:20.564,01 03 04 B0 00 05 85 1E
2026-09-13 05:52:20.598,01 03 0A 00 00 00 00 00 00 00 00 00 00 24 B6
2026-09-13 05:52:20.996,01 01 00 19 00 03 AD CC
2026-09-13 05:52:21.019,01 01 01 00 51 88
2026-09-13 05:52:21.496,01 02 00 04 00 0C 39 CE
2026-09-13 05:52:21.521,01 02 02 00 00 B9 B8
2026-09-13 05:52:21.996,01 03 04 EC 00 0C 85 0A
2026-09-13 05:52:22.047,01 03 18 27 0F 00 1F 00 31 00 48 00 74 00 AE 00 EA 01 3E 01 98 01 FF 02 6C 02 EE 1B 7B
2026-09-13 05:52:22.496,01 04 00 56 00 03 50 1B
2026-09-13 05:52:22.525,01 04 06 01 54 00 00 00 00 50 8E
2026-09-13 05:52:24.004,01 10 0B 13 00 03 06 00 E8 00 75 00 FE C2 73
2026-09-13 05:52:24.038,01 10 0B 13 00 03 73 E9
2026-09-13 05:52:24.064,01 03 04 B0 00 05 85 1E
2026-09-13 05:52:24.098,01 03 0A 00 00 00 00 00 00 00 00 00 00 24 B6
2026-09-13 05:52:24.496,01 01 00 19 00 03 AD CC
2026-09-13 05:52:24.519,01 01 01 00 51 88
2026-09-13 05:52:24.996,01 02 00 04 00 0C 39 CE
2026-09-13 05:52:25.021,01 02 02 01 00 B8 28
2026-09-13 05:52:25.496,01 03 04 EC 00 0C 85 0A
2026-09-13 05:52:25.547,01 03 18 27 0F 00 1F 00 31 00 48 00 74 00 AE 00 EA 01 3E 01 98 01 FF 02 6C 02 EE 1B 7B
2026-09-13 05:52:25.996,01 04 00 56 00 03 50 1B
2026-09-13 05:52:26.025,01 04 06 02 DC 00 00 00 00 B0 A2
2026-09-13 05:52:27.504,01 10 0B 13 00 03 06 00 E2 00 77 00 FA FA 71
2026-09-13 05:52:27.538,01 10 0B 13 00 03 73 E9
2026-09-13 05:52:27.564,01 03 04 B0 00 05 85 1E
2026-09-13 05:52:27.598,01 03 0A 00 00 00 00 00 00 00 00 00 00 24 B6
2026-09-13 05:52:27.996,01 01 00 19 00 03 AD CC
2026-09-13 05:52:28.019,01 01 01 00 51 88
2026-09-13 05:52:28.496,01 02 00 04 00 0C 39 CE
2026-09-13 05:52:28.521,01 02 02 00 00 B9 B8
2026-09-13 05:52:28.996,01 03 04 EC 00 0C 85 0A
2026-09-13 05:52:29.047,01 03 18 27 0F 00 1F 00 31 00 48 00 74 00 AE 00 EA 01 3E 01 98 01 FF 02 6C 02 EE 1B 7B
2026-09-13 05:52:29.496,01 04 00 56 00 03 50 1B
2026-09-13 05:52:29.525,01 04 06 00 97 00 00 00 00 15 4E
2026-09-13 05:52:29.996,01 05 23 34 00 00 87 80
2026-09-13 05:52:30.022,01 05 23 34 00 00 87 80
2026-09-13 05:52:31.004,01 10 0B 13 00 03 06 00 F5 00 72 00 F4 1F B7
2026-09-13 05:52:31.038,01 10 0B 13 00 03 73 E9
2026-09-13 05:52:31.064,01 03 04 B0 00 05 85 1E
2026-09-13 05:52:31.098,01 03 0A 00 00 00 00 00 00 00 00 00 00 24 B6
2026-09-13 05:52:31.496,01 01 00 19 00 03 AD CC
2026-09-13 05:52:31.519,01 01 01 00 51 88
2026-09-13 05:52:31.996,01 02 00 04 00 0C 39 CE
2026-09-13 05:52:32.021,01 02 02 00 00 B9 B8
2026-09-13 05:52:32.496,01 03 04 EC 00 0C 85 0A
2026-09-13 05:52:32.547,01 03 18 27 0F 00 1F 00 31 00 48 00 74 00 AE 00 EA 01 3E 01 98 01 FF 02 6C 02 EE 1B 7B
2026-09-13 05:52:32.996,01 04 00 56 00 03 50 1B
2026-09-13 05:52:33.025,01 04 06 02 0F 00 00 00 00 35 70
2026-09-13 05:52:33.496,01 05 23 34 00 00 87 80
2026-09-13 05:52:33.522,01 05 23 34 00 00 87 80
2026-09-13 05:52:33.894,01 06 04 FE 07 B1 2B 4E
2026-09-13 05:52:33.920,01 06 04 FE 07 B1 2B 4E
2026-09-13 05:52:34.504,01 10 0B 13 00 03 06 00 CE 00 69 00 F6 0B B4
2026-09-13 05:52:34.538,01 10 0B 13 00 03 73 E9
2026-09-13 05:52:34.564,01 03 04 B0 00 05 85 1E
2026-09-13 05:52:34.598,01 03 0A 00 00 00 00 00 00 00 00 00 00 24 B6
2026-09-13 05:52:34.996,01 01 00 19 00 03 AD CC
2026-09-13 05:52:35.020,01 01 01 00 51 88
2026-09-13 05:52:35.496,01 02 00 04 00 0C 39 CE
2026-09-13 05:52:35.521,01 02 02 01 00 B8 28
2026-09-13 05:52:35.996,01 03 04 EC 00 0C 85 0A
2026-09-13 05:52:36.047,01 03 18 27 0F 00 1F 00 31 00 48 00 74 00 AE 00 EA 01 3E 01 98 01 FF 02 6C 02 EE 1B 7B
2026-09-13 05:52:36.496,01 04 00 56 00 03 50 1B
2026-09-13 05:52:36.525,01 04 06 02 F8 00 00 00 00 C0 A5
2026-09-13 05:52:36.996,01 05 23 34 FF 00 C6 70
2026-09-13 05:52:37.022,01 05 23 34 FF 00 C6 70
2026-09-13 05:52:38.004,01 10 0B 13 00 03 06 00 CD 00 64 00 F4 5F B6
2026-09-13 05:52:38.038,01 10 0B 13 00 03 73 E9
2026-09-13 05:52:38.064,01 03 04 B0 00 05 85 1E
2026-09-13 05:52:38.098,01 03 0A 00 00 00 00 00 00 00 00 00 00 24 B6
2026-09-13 05:52:38.496,01 01 00 19 00 03 AD CC
2026-09-13 05:52:38.520,01 01 01 00 51 88
2026-09-13 05:52:38.996,01 02 00 04 00 0C 39 CE
2026-09-13 05:52:39.021,01 02 02 01 00 B8 28
2026-09-13 05:52:39.496,01 03 04 EC 00 0C 85 0A
2026-09-13 05:52:39.547,01 03 18 27 0F 00 1F 00 31 00 48 00 74 00 AE 00 EA 01 3E 01 98 01 FF 02 6C 02 EE 1B 7B
2026-09-13 05:52:39.996,01 04 00 56 00 03 50 1B
2026-09-13 05:52:40.026,01 04 06 02 FE 00 00 00 00 48 A5
2026-09-13 05:52:40.996,01 06 01 41 00 22 58 3B
2026-09-13 05:52:41.022,01 06 01 41 00 22 58 3B
2026-09-13 05:52:41.504,01 10 0B 13 00 03 06 00 CC 00 69 00 F0 F2 76
2026-09-13 05:52:41.538,01 10 0B 13 00 03 73 E9
2026-09-13 05:52:41.564,01 03 04 B0 00 05 85 1E
2026-09-13 05:52:41.598,01 03 0A 00 00 00 00 00 00 00 00 00 00 24 B6
2026-09-13 05:52:41.996,01 01 00 19 00 03 AD CC
2026-09-13 05:52:42.020,01 01 01 00 51 88
2026-09-13 05:52:42.496,01 02 00 04 00 0C 39 CE
2026-09-13 05:52:42.521,01 02 02 00 00 B9 B8
2026-09-13 05:52:42.996,01 03 04 EC 00 0C 85 0A
2026-09-13 05:52:43.047,01 03 18 27 0F 00 1F 00 31 00 48 00 74 00 AE 00 EA 01 3E 01 98 01 FF 02 6C 02 EE 1B 7B
2026-09-13 05:52:43.496,01 04 00 56 00 03 50 1B
2026-09-13 05:52:43.526,01 04 06 03 58 00 00 00 00 41 6D
2026-09-13 05:52:45.004,01 10 0B 13 00 03 06 00 E8 00 6E 00 FC 33 B5
2026-09-13 05:52:45.038,01 10 0B 13 00 03 73 E9
2026-09-13 05:52:45.064,01 03 04 B0 00 05 85 1E
2026-09-13 05:52:45.098,01 03 0A 00 00 00 00 00 00 00 00 00 00 24 B6
2026-09-13 05:52:45.496,01 01 00 19 00 03 AD CC
2026-09-13 05:52:45.520,01 01 01 00 51 88
2026-09-13 05:52:45.996,01 02 00 04 00 0C 39 CE
2026-09-13 05:52:46.021,01 02 02 01 00 B8 28
2026-09-13 05:52:46.496,01 03 04 EC 00 0C 85 0A
2026-09-13 05:52:46.547,01 03 18 27 0F 00 1F 00 31 00 48 00 74 00 AE 00 EA 01 3E 01 98 01 FF 02 6C 02 EE 1B 7B
2026-09-13 05:52:46.996,01 04 00 56 00 03 50 1B
2026-09-13 05:52:47.026,01 04 06 01 70 00 00 00 00 20 89
2026-09-13 05:52:48.504,01 10 0B 13 00 03 06 00 E6 00 6A 00 F2 9A 71
2026-09-13 05:52:48.539,01 10 0B 13 00 03 73 E9
2026-09-13 05:52:48.565,01 03 04 B0 00 05 85 1E
2026-09-13 05:52:48.598,01 03 0A 00 00 00 00 00 00 00 00 00 00 24 B6
2026-09-13 05:52:48.996,01 01 00 19 00 03 AD CC
2026-09-13 05:52:49.020,01 01 01 00 51 88
2026-09-13 05:52:49.496,01 02 00 04 00 0C 39 CE
2026-09-13 05:52:49.521,01 02 02 00 00 B9 B8
2026-09-13 05:52:49.996,01 03 04 EC 00 0C 85 0A
2026-09-13 05:52:50.047,01 03 18 27 0F 00 1F 00 31 00 48 00 74 00 AE 00 EA 01 3E 01 98 01 FF 02 6C 02 EE 1B 7B
2026-09-13 05:52:50.496,01 04 00 56 00 03 50 1B
2026-09-13 05:52:50.526,01 04 06 03 67 00 00 00 00 55 68
2026-09-13 05:52:50.764,01 06 04 F2 00 F0 29 4D
2026-09-13 05:52:50.790,01 06 04 F2 00 F0 29 4D
2026-09-13 05:52:50.996,01 05 23 34 FF 00 C6 70
2026-09-13 05:52:51.022,01 05 23 34 FF 00 C6 70
2026-09-13 05:52:51.496,01 06 01 41 00 2D 18 3F
2026-09-13 05:52:51.524,01 06 01 41 00 2D 18 3F
2026-09-13 05:52:52.004,01 10 0B 13 00 03 06 00 DB 00 73 01 00 A6 66
2026-09-13 05:52:52.039,01 10 0B 13 00 03 73 E9
2026-09-13 05:52:52.065,01 03 04 B0 00 05 85 1E
2026-09-13 05:52:52.098,01 03 0A 00 00 00 00 00 00 00 00 00 00 24 B6
2026-09-13 05:52:52.496,01 01 00 19 00 03 AD CC
2026-09-13 05:52:52.520,01 01 01 00 51 88
2026-09-13 05:52:52.996,01 02 00 04 00 0C 39 CE
2026-09-13 05:52:53.021,01 02 02 00 00 B9 B8
2026-09-13 05:52:53.496,01 03 04 EC 00 0C 85 0A
2026-09-13 05:52:53.547,01 03 18 27 0F 00 1F 00 31 00 48 00 74 00 AE 00 F0 01 3E 01 98 01 FF 02 6C 02 EE 6E 63
2026-09-13 05:52:53.996,01 04 00 56 00 03 50 1B
2026-09-13 05:52:54.026,01 04 06 03 5B 00 00 00 00 05 6D
2026-09-13 05:52:55.505,01 10 0B 13 00 03 06 00 E7 00 68 00 F4 86 73
2026-09-13 05:52:55.539,01 10 0B 13 00 03 73 E9
2026-09-13 05:52:55.565,01 03 04 B0 00 05 85 1E
2026-09-13 05:52:55.599,01 03 0A 00 00 00 00 00 00 00 00 00 00 24 B6
2026-09-13 05:52:55.996,01 01 00 19 00 03 AD CC
2026-09-13 05:52:56.020,01 01 01 00 51 88
2026-09-13 05:52:56.497,01 02 00 04 00 0C 39 CE
2026-09-13 05:52:56.521,01 02 02 01 00 B8 28
2026-09-13 05:52:56.997,01 03 04 EC 00 0C 85 0A
2026-09-13 05:52:57.047,01 03 18 27 0F 00 1F 00 31 00 48 00 74 00 AE 00 F0 01 3E 01 98 01 FF 02 6C 02 EE 6E 63
2026-09-13 05:52:57.496,01 04 00 56 00 03 50 1B
2026-09-13 05:52:57.526,01 04 06 01 38 00 00 00 00 C0 87
2026-09-13 05:52:57.997,01 05 23 34 00 00 87 80
2026-09-13 05:52:58.022,01 05 23 34 00 00 87 80
2026-09-13 05:52:58.497,01 06 01 41 00 14 D8 2D
2026-09-13 05:52:58.524,01 06 01 41 00 14 D8 2D
2026-09-13 05:52:59.005,01 10 0B 13 00 03 06 00 E4 00 70 00 F8 42 71
2026-09-13 05:52:59.039,01 10 0B 13 00 03 73 E9
2026-09-13 05:52:59.065,01 03 04 B0 00 05 85 1E
2026-09-13 05:52:59.099,01 03 0A 00 00 00 00 00 00 00 00 00 00 24 B6
2026-09-13 05:52:59.497,01 01 00 19 00 03 AD CC
2026-09-13 05:52:59.520,01 01 01 00 51 88
2026-09-13 05:52:59.997,01 02 00 04 00 0C 39 CE
2026-09-13 05:53:00.021,01 02 02 01 00 B8 28
2026-09-13 05:53:00.497,01 03 04 EC 00 0C 85 0A
2026-09-13 05:53:00.547,01 03 18 27 0F 00 1F 00 31 00 48 00 74 00 AE 00 F0 01 3E 01 98 01 FF 02 6C 02 EE 6E 63
2026-09-13 05:53:00.997,01 04 00 56 00 03 50 1B
2026-09-13 05:53:01.026,01 04 06 03 12 00 00 00 00 D8 A3
2026-09-13 05:53:01.497,01 05 23 34 FF 00 C6 70
2026-09-13 05:53:01.523,01 05 23 34 FF 00 C6 70
2026-09-13 05:53:02.505,01 10 0B 13 00 03 06 00 F2 00 68 00 F6 0A 71
2026-09-13 05:53:02.539,01 10 0B 13 00 03 73 E9
2026-09-13 05:53:02.565,01 03 04 B0 00 05 85 1E
2026-09-13 05:53:02.599,01 03 0A 00 00 00 00 00 00 00 00 00 00 24 B6
2026-09-13 05:53:02.997,01 01 00 19 00 03 AD CC
2026-09-13 05:53:03.020,01 01 01 00 51 88
2026-09-13 05:53:03.497,01 02 00 04 00 0C 39 CE
2026-09-13 05:53:03.521,01 02 02 01 00 B8 28
2026-09-13 05:53:03.997,01 03 04 EC 00 0C 85 0A
2026-09-13 05:53:04.048,01 03 18 27 0F 00 1F 00 31 00 48 00 74 00 AE 00 F0 01 3E 01 98 01 FF 02 6C 02 EE 6E 63
2026-09-13 05:53:04.497,01 04 00 56 00 03 50 1B
2026-09-13 05:53:04.526,01 04 06 00 71 00 00 00 00 1C 98
2026-09-13 05:53:04.997,01 05 23 34 00 00 87 80
2026-09-13 05:53:05.023,01 05 23 34 00 00 87 80
2026-09-13 05:53:06.005,01 10 0B 13 00 03 06 00 DF 00 75 01 02 36 66
2026-09-13 05:53:06.039,01 10 0B 13 00 03 73 E9
2026-09-13 05:53:06.065,01 03 04 B0 00 05 85 1E
2026-09-13 05:53:06.099,01 03 0A 00 00 00 00 00 00 00 00 00 00 24 B6
2026-09-13 05:53:06.497,01 01 00 19 00 03 AD CC
2026-09-13 05:53:06.520,01 01 01 00 51 88
2026-09-13 05:53:06.782,01 06 04 FB 05 5D 3B A2
2026-09-13 05:53:06.807,01 06 04 FB 05 5D 3B A2
2026-09-13 05:53:06.997,01 02 00 04 00 0C 39 CE
2026-09-13 05:53:07.021,01 02 02 01 00 B8 28
2026-09-13 05:53:07.497,01 03 04 EC 00 0C 85 0A
2026-09-13 05:53:07.548,01 03 18 27 0F 00 1F 00 31 00 48 00 74 00 AE 00 F0 01 3E 01 98 01 FF 02 6C 02 EE 6E 63
2026-09-13 05:53:07.997,01 04 00 56 00 03 50 1B
2026-09-13 05:53:08.026,01 04 06 00 BA 00 00 00 00 B9 48
2026-09-13 05:53:08.497,01 05 23 34 00 00 87 80
2026-09-13 05:53:08.523,01 05 23 34 00 00 87 80
2026-09-13 05:53:09.505,01 10 0B 13 00 03 06 00 DC 00 6D 00 FD B3 B1
2026-09-13 05:53:09.539,01 10 0B 13 00 03 73 E9
2026-09-13 05:53:09.565,01 03 04 B0 00 05 85 1E
2026-09-13 05:53:09.599,01 03 0A 00 00 00 00 00 00 00 00 00 00 24 B6
2026-09-13 05:53:09.997,01 01 00 19 00 03 AD CC
2026-09-13 05:53:10.020,01 01 01 00 51 88
2026-09-13 05:53:10.497,01 02 00 04 00 0C 39 CE
2026-09-13 05:53:10.522,01 02 02 01 00 B8 28
2026-09-13 05:53:10.997,01 03 04 EC 00 0C 85 0A
2026-09-13 05:53:11.048,01 03 18 27 0F 00 1F 00 31 00 48 00 74 00 AE 00 F0 01 3E 01 98 01 FF 02 6C 02 EE 6E 63
2026-09-13 05:53:11.497,01 04 00 56 00 03 50 1B
2026-09-13 05:53:11.526,01 04 06 03 75 00 00 00 00 ED 6B
2026-09-13 05:53:13.005,01 10 0B 13 00 03 06 00 F8 00 72 01 02 B3 A0
2026-09-13 05:53:13.039,01 10 0B 13 00 03 73 E9
2026-09-13 05:53:13.065,01 03 04 B0 00 05 85 1E
2026-09-13 05:53:13.099,01 03 0A 00 00 00 00 00 00 00 00 00 00 24 B6
2026-09-13 05:53:13.497,01 01 00 19 00 03 AD CC
2026-09-13 05:53:13.520,01 01 01 00 51 88
2026-09-13 05:53:13.997,01 02 00 04 00 0C 39 CE
2026-09-13 05:53:14.022,01 02 02 01 00 B8 28
2026-09-13 05:53:14.497,01 03 04 EC 00 0C 85 0A
2026-09-13 05:53:14.548,01 03 18 27 0F 00 1F 00 31 00 48 00 74 00 AE 00 F0 01 3E 01 98 01 FF 02 6C 02 EE 6E 63
2026-09-13 05:53:14.997,01 04 00 56 00 03 50 1B
2026-09-13 05:53:15.026,01 04 06 03 99 00 00 00 00 7C BC
2026-09-13 05:53:16.505,01 10 0B 13 00 03 06 00 ED 00 69 00 F9 8E 77
2026-09-13 05:53:16.539,01 10 0B 13 00 03 73 E9
2026-09-13 05:53:16.565,01 03 04 B0 00 05 85 1E
2026-09-13 05:53:16.599,01 03 0A 00 00 00 00 00 00 00 00 00 00 24 B6
2026-09-13 05:53:16.997,01 01 00 19 00 03 AD CC
2026-09-13 05:53:17.020,01 01 01 00 51 88
2026-09-13 05:53:17.497,01 02 00 04 00 0C 39 CE
2026-09-13 05:53:17.522,01 02 02 00 00 B9 B8
2026-09-13 05:53:17.997,01 03 04 EC 00 0C 85 0A
2026-09-13 05:53:18.048,01 03 18 27 0F 00 1F 00 31 00 48 00 74 00 AE 00 F0 01 3E 01 98 01 FF 02 6C 02 EE 6E 63
2026-09-13 05:53:18.497,01 04 00 56 00 03 50 1B
2026-09-13 05:53:18.526,01 04 06 01 AB 00 00 00 00 44 9A
2026-09-13 05:53:18.997,01 05 23 34 00 00 87 80
2026-09-13 05:53:19.023,01 05 23 34 00 00 87 80
2026-09-13 05:53:20.005,01 10 0B 13 00 03 06 00 CD 00 67 00 F1 6F B5
2026-09-13 05:53:20.039,01 10 0B 13 00 03 73 E9
2026-09-13 05:53:20.065,01 03 04 B0 00 05 85 1E
2026-09-13 05:53:20.099,01 03 0A 00 00 00 00 00 00 00 00 00 00 24 B6
2026-09-13 05:53:20.497,01 01 00 19 00 03 AD CC
2026-09-13 05:53:20.521,01 01 01 00 51 88
2026-09-13 05:53:20.997,01 02 00 04 00 0C 39 CE
2026-09-13 05:53:21.022,01 02 02 00 00 B9 B8
2026-09-13 05:53:21.497,01 03 04 EC 00 0C 85 0A
2026-09-13 05:53:21.548,01 03 18 27 0F 00 1F 00 31 00 48 00 74 00 AE 00 F0 01 3E 01 98 01 FF 02 6C 02 EE 6E 63
2026-09-13 05:53:21.997,01 04 00 56 00 03 50 1B
2026-09-13 05:53:22.026,01 04 06 03 13 00 00 00 00 E5 63
2026-09-13 05:53:22.497,01 05 23 34 FF 00 C6 70
2026-09-13 05:53:22.523,01 05 23 34 FF 00 C6 70
2026-09-13 05:53:22.784,01 06 04 F3 01 39 B9 4B
2026-09-13 05:53:22.810,01 06 04 F3 01 39 B9 4B
2026-09-13 05:53:22.997,01 06 01 41 00 13 99 EF
2026-09-13 05:53:23.023,01 06 01 41 00 13 99 EF
2026-09-13 05:53:23.505,01 10 0B 13 00 03 06 00 F9 00 72 00 FB 4F B2
2026-09-13 05:53:23.539,01 10 0B 13 00 03 73 E9
2026-09-13 05:53:23.565,01 03 04 B0 00 05 85 1E
2026-09-13 05:53:23.599,01 03 0A 00 00 00 00 00 00 00 00 00 00 24 B6
2026-09-13 05:53:23.997,01 01 00 19 00 03 AD CC
2026-09-13 05:53:24.021,01 01 01 00 51 88
2026-09-13 05:53:24.497,01 02 00 04 00 0C 39 CE
2026-09-13 05:53:24.522,01 02 02 00 00 B9 B8
2026-09-13 05:53:24.997,01 03 04 EC 00 0C 85 0A
2026-09-13 05:53:25.048,01 03 18 27 0F 00 1F 00 31 00 48 00 74 00 AE 00 F0 01 39 01 98 01 FF 02 6C 02 EE 48 53
2026-09-13 05:53:25.497,01 04 00 56 00 03 50 1B
2026-09-13 05:53:25.526,01 04 06 02 17 00 00 00 00 15 72
2026-09-13 05:53:26.497,01 06 01 41 00 0C D8 27
2026-09-13 05:53:26.523,01 06 01 41 00 0C D8 27
2026-09-13 05:53:27.005,01 10 0B 13 00 03 06 00 F3 00 73 00 F5 07 B7
2026-09-13 05:53:27.039,01 10 0B 13 00 03 73 E9
2026-09-13 05:53:27.065,01 03 04 B0 00 05 85 1E
2026-09-13 05:53:27.099,01 03 0A 00 00 00 00 00 00 00 00 00 00 24 B6
2026-09-13 05:53:27.497,01 01 00 19 00 03 AD CC
2026-09-13 05:53:27.521,01 01 01 00 51 88
2026-09-13 05:53:27.997,01 02 00 04 00 0C 39 CE
2026-09-13 05:53:28.022,01 02 02 00 00 B9 B8
2026-09-13 05:53:28.497,01 03 04 EC 00 0C 85 0A
2026-09-13 05:53:28.548,01 03 18 27 0F 00 1F 00 31 00 48 00 74 00 AE 00 F0 01 39 01 98 01 FF 02 6C 02 EE 48 53
2026-09-13 05:53:28.997,01 04 00 56 00 03 50 1B
2026-09-13 05:53:29.027,01 04 06 01 9D 00 00 00 00 8C 9E
2026-09-13 05:53:29.997,01 06 01 41 00 20 D9 FA
2026-09-13 05:53:30.023,01 06 01 41 00 20 D9 FA
2026-09-13 05:53:30.505,01 10 0B 13 00 03 06 00 DC 00 66 00 FC 03 B3
2026-09-13 05:53:30.539,01 10 0B 13 00 03 73 E9
2026-09-13 05:53:30.565,01 03 04 B0 00 05 85 1E
2026-09-13 05:53:30.599,01 03 0A 00 00 00 00 00 00 00 00 00 00 24 B6
2026-09-13 05:53:30.997,01 01 00 19 00 03 AD CC
2026-09-13 05:53:31.021,01 01 01 00 51 88
2026-09-13 05:53:31.497,01 02 00 04 00 0C 39 CE
2026-09-13 05:53:31.522,01 02 02 01 00 B8 28
2026-09-13 05:53:31.997,01 03 04 EC 00 0C 85 0A
2026-09-13 05:53:32.048,01 03 18 27 0F 00 1F 00 31 00 48 00 74 00 AE 00 F0 01 39 01 98 01 FF 02 6C 02 EE 48 53
2026-09-13 05:53:32.497,01 04 00 56 00 03 50 1B
2026-09-13 05:53:32.527,01 04 06 03 86 00 00 00 00 E9 7E
2026-09-13 05:53:32.997,01 05 23 34 00 00 87 80
2026-09-13 05:53:33.023,01 05 23 34 00 00 87 80
2026-09-13 05:53:33.497,01 06 01 41 00 0D 19 E7
2026-09-13 05:53:33.525,01 06 01 41 00 0D 19 E7
2026-09-13 05:53:34.005,01 10 0B 13 00 03 06 00 F2 00 71 00 FC 5B B1
2026-09-13 05:53:34.039,01 10 0B 13 00 03 73 E9
2026-09-13 05:53:34.065,01 03 04 B0 00 05 85 1E
2026-09-13 05:53:34.099,01 03 0A 00 00 00 00 00 00 00 00 00 00 24 B6
2026-09-13 05:53:34.497,01 01 00 19 00 03 AD CC
2026-09-13 05:53:34.521,01 01 01 00 51 88
2026-09-13 05:53:34.997,01 02 00 04 00 0C 39 CE
2026-09-13 05:53:35.022,01 02 02 01 00 B8 28
2026-09-13 05:53:35.497,01 03 04 EC 00 0C 85 0A
2026-09-13 05:53:35.548,01 03 18 27 0F 00 1F 00 31 00 48 00 74 00 AE 00 F0 01 39 01 98 01 FF 02 6C 02 EE 48 53
2026-09-13 05:53:35.997,01 04 00 56 00 03 50 1B
2026-09-13 05:53:36.027,01 04 06 00 CD 00 00 00 00 4D 43
2026-09-13 05:53:36.497,01 05 23 34 00 00 87 80
2026-09-13 05:53:36.523,01 05 23 34 00 00 87 80
2026-09-13 05:53:37.505,01 10 0B 13 00 03 06 00 DE 00 76 00 FD BA 76
2026-09-13 05:53:37.539,01 10 0B 13 00 03 73 E9
2026-09-13 05:53:37.565,01 03 04 B0 00 05 85 1E
2026-09-13 05:53:37.599,01 03 0A 00 00 00 00 00 00 00 00 00 00 24 B6
2026-09-13 05:53:37.997,01 01 00 19 00 03 AD CC
2026-09-13 05:53:38.021,01 01 01 00 51 88
2026-09-13 05:53:38.497,01 02 00 04 00 0C 39 CE
2026-09-13 05:53:38.522,01 02 02 00 00 B9 B8
2026-09-13 05:53:38.997,01 03 04 EC 00 0C 85 0A
2026-09-13 05:53:39.048,01 03 18 27 0F 00 1F 00 31 00 48 00 74 00 AE 00 F0 01 39 01 98 01 FF 02 6C 02 EE 48 53
2026-09-13 05:53:39.497,01 04 00 56 00 03 50 1B
2026-09-13 05:53:39.527,01 04 06 01 CF 00 00 00 00 35 52
2026-09-13 05:53:39.997,01 05 23 34 FF 00 C6 70
2026-09-13 05:53:40.023,01 05 23 34 FF 00 C6 70
2026-09-13 05:53:41.005,01 10 0B 13 00 03 06 00 E7 00 65 00 FB 57 B4
2026-09-13 05:53:41.040,01 10 0B 13 00 03 73 E9
2026-09-13 05:53:41.066,01 03 04 B0 00 05 85 1E
2026-09-13 05:53:41.100,01 03 0A 00 00 00 00 00 00 00 00 00 00 24 B6
2026-09-13 05:53:41.497,01 01 00 19 00 03 AD CC
2026-09-13 05:53:41.521,01 01 01 00 51 88
2026-09-13 05:53:41.545,01 06 04 F6 02 71 A9 8C
2026-09-13 05:53:41.571,01 06 04 F6 02 71 A9 8C
2026-09-13 05:53:41.997,01 02 00 04 00 0C 39 CE
2026-09-13 05:53:42.022,01 02 02 00 00 B9 B8
2026-09-13 05:53:42.497,01 03 04 EC 00 0C 85 0A
2026-09-13 05:53:42.548,01 03 18 27 0F 00 1F 00 31 00 48 00 74 00 AE 00 F0 01 39 01 98 01 FF 02 71 02 EE D8 55
2026-09-13 05:53:42.997,01 04 00 56 00 03 50 1B
2026-09-13 05:53:43.027,01 04 06 03 22 00 00 00 00 98 A7
2026-09-13 05:53:43.997,01 06 01 41 00 1A 59 E9
2026-09-13 05:53:44.023,01 06 01 41 00 1A 59 E9
2026-09-13 05:53:44.505,01 10 0B 13 00 03 06 00 E5 00 6E 00 F5 DE 72
2026-09-13 05:53:44.540,01 10 0B 13 00 03 73 E9
2026-09-13 05:53:44.566,01 03 04 B0 00 05 85 1E
2026-09-13 05:53:44.600,01 03 0A 00 00 00 00 00 00 00 00 00 00 24 B6
2026-09-13 05:53:44.997,01 01 00 19 00 03 AD CC
2026-09-13 05:53:45.021,01 01 01 00 51 88
2026-09-13 05:53:45.497,01 02 00 04 00 0C 39 CE
2026-09-13 05:53:45.522,01 02 02 01 00 B8 28
2026-09-13 05:53:45.997,01 03 04 EC 00 0C 85 0A
2026-09-13 05:53:46.048,01 03 18 27 0F 00 1F 00 31 00 48 00 74 00 AE 00 F0 01 39 01 98 01 FF 02 71 02 EE D8 55
2026-09-13 05:53:46.497,01 04 00 56 00 03 50 1B
2026-09-13 05:53:46.527,01 04 06 01 7C 00 00 00 00 30 88
2026-09-13 05:53:48.006,01 10 0B 13 00 03 06 00 F6 00 6E 01 01 5B A6
2026-09-13 05:53:48.040,01 10 0B 13 00 03 73 E9
2026-09-13 05:53:48.066,01 03 04 B0 00 05 85 1E
2026-09-13 05:53:48.100,01 03 0A 00 00 00 00 00 00 00 00 00 00 24 B6
2026-09-13 05:53:48.498,01 01 00 19 00 03 AD CC
2026-09-13 05:53:48.521,01 01 01 00 51 88
2026-09-13 05:53:48.998,01 02 00 04 00 0C 39 CE
2026-09-13 05:53:49.022,01 02 02 00 00 B9 B8
2026-09-13 05:53:49.498,01 03 04 EC 00 0C 85 0A
2026-09-13 05:53:49.548,01 03 18 27 0F 00 1F 00 31 00 48 00 74 00 AE 00 F0 01 39 01 98 01 FF 02 71 02 EE D8 55
2026-09-13 05:53:49.998,01 04 00 56 00 03 50 1B
2026-09-13 05:53:50.027,01 04 06 01 4C 00 00 00 00 70 8C
2026-09-13 05:53:51.506,01 10 0B 13 00 03 06 00 D2 00 69 01 00 5B A0
2026-09-13 05:53:51.540,01 10 0B 13 00 03 73 E9
2026-09-13 05:53:51.566,01 03 04 B0 00 05 85 1E
2026-09-13 05:53:51.600,01 03 0A 00 00 00 00 00 00 00 00 00 00 24 B6
2026-09-13 05:53:51.998,01 01 00 19 00 03 AD CC
2026-09-13 05:53:52.021,01 01 01 00 51 88
2026-09-13 05:53:52.498,01 02 00 04 00 0C 39 CE
2026-09-13 05:53:52.522,01 02 02 00 00 B9 B8
2026-09-13 05:53:52.998,01 03 04 EC 00 0C 85 0A
2026-09-13 05:53:53.048,01 03 18 27 0F 00 1F 00 31 00 48 00 74 00 AE 00 F0 01 39 01 98 01 FF 02 71 02 EE D8 55
2026-09-13 05:53:53.498,01 04 00 56 00 03 50 1B
2026-09-13 05:53:53.527,01 04 06 01 4B 00 00 00 00 C5 4C
2026-09-13 05:53:55.006,01 10 0B 13 00 03 06 00 EF 00 72 01 00 46 62
2026-09-13 05:53:55.040,01 10 0B 13 00 03 73 E9
2026-09-13 05:53:55.066,01 03 04 B0 00 05 85 1E
2026-09-13 05:53:55.100,01 03 0A 00 00 00 00 00 00 00 00 00 00 24 B6
2026-09-13 05:53:55.498,01 01 00 19 00 03 AD CC
2026-09-13 05:53:55.521,01 01 01 00 51 88
2026-09-13 05:53:55.998,01 02 00 04 00 0C 39 CE
2026-09-13 05:53:56.022,01 02 02 01 00 B8 28
2026-09-13 05:53:56.498,01 03 04 EC 00 0C 85 0A
2026-09-13 05:53:56.549,01 03 18 27 0F 00 1F 00 31 00 48 00 74 00 AE 00 F0 01 39 01 98 01 FF 02 71 02 EE D8 55
2026-09-13 05:53:56.998,01 04 00 56 00 03 50 1B
2026-09-13 05:53:57.027,01 04 06 00 79 00 00 00 00 FD 59
2026-09-13 05:53:58.399,01 06 04 F3 01 3B 38 8A
2026-09-13 05:53:58.425,01 06 04 F3 01 3B 38 8A
2026-09-13 05:53:58.506,01 10 0B 13 00 03 06 00 F4 00 6E 00 F7 A3 B0
2026-09-13 05:53:58.540,01 10 0B 13 00 03 73 E9
2026-09-13 05:53:58.566,01 03 04 B0 00 05 85 1E
2026-09-13 05:53:58.600,01 03 0A 00 00 00 00 00 00 00 00 00 00 24 B6
2026-09-13 05:53:58.998,01 01 00 19 00 03 AD CC
2026-09-13 05:53:59.021,01 01 01 00 51 88
2026-09-13 05:53:59.498,01 02 00 04 00 0C 39 CE
2026-09-13 05:53:59.523,01 02 02 00 00 B9 B8
2026-09-13 05:53:59.998,01 03 04 EC 00 0C 85 0A
2026-09-13 05:54:00.049,01 03 18 27 0F 00 1F 00 31 00 48 00 74 00 AE 00 F0 01 3B 01 98 01 FF 02 71 02 EE C1 35
2026-09-13 05:54:00.498,01 04 00 56 00 03 50 1B
2026-09-13 05:54:00.527,01 04 06 01 AC 00 00 00 00 F1 5A
2026-09-13 05:54:00.998,01 05 23 34 00 00 87 80
2026-09-13 05:54:01.024,01 05 23 34 00 00 87 80
2026-09-13 05:54:02.006,01 10 0B 13 00 03 06 00 E7 00 71 01 01 96 63
2026-09-13 05:54:02.040,01 10 0B 13 00 03 73 E9
2026-09-13 05:54:02.066,01 03 04 B0 00 05 85 1E
2026-09-13 05:54:02.100,01 03 0A 00 00 00 00 00 00 00 00 00 00 24 B6
2026-09-13 05:54:02.498,01 01 00 19 00 03 AD CC
2026-09-13 05:54:02.521,01 01 01 00 51 88
2026-09-13 05:54:02.998,01 02 00 04 00 0C 39 CE
2026-09-13 05:54:03.023,01 02 02 01 00 B8 28
2026-09-13 05:54:03.498,01 03 04 EC 00 0C 85 0A
2026-09-13 05:54:03.549,01 03 18 27 0F 00 1F 00 31 00 48 00 74 00 AE 00 F0 01 3B 01 98 01 FF 02 71 02 EE C1 35
2026-09-13 05:54:03.998,01 04 00 56 00 03 50 1B
2026-09-13 05:54:04.027,01 04 06 02 3B 00 00 00 00 84 B4
2026-09-13 05:54:04.498,01 05 23 34 FF 00 C6 70
2026-09-13 05:54:04.524,01 05 23 34 FF 00 C6 70
2026-09-13 05:54:04.998,01 06 01 41 00 2C D9 FF
2026-09-13 05:54:05.026,01 06 01 41 00 2C D9 FF
2026-09-13 05:54:05.506,01 10 0B 13 00 03 06 00 DA 00 74 00 FA AB B4
2026-09-13 05:54:05.540,01 10 0B 13 00 03 73 E9
2026-09-13 05:54:05.566,01 03 04 B0 00 05 85 1E
2026-09-13 05:54:05.600,01 03 0A 00 00 00 00 00 00 00 00 00 00 24 B6
2026-09-13 05:54:05.998,01 01 00 19 00 03 AD CC
2026-09-13 05:54:06.021,01 01 01 00 51 88
2026-09-13 05:54:06.498,01 02 00 04 00 0C 39 CE
2026-09-13 05:54:06.523,01 02 02 01 00 B8 28
2026-09-13 05:54:06.998,01 03 04 EC 00 0C 85 0A
2026-09-13 05:54:07.049,01 03 18 27 0F 00 1F 00 31 00 48 00 74 00 AE 00 F0 01 3B 01 98 01 FF 02 71 02 EE C1 35
2026-09-13 05:54:07.498,01 04 00 56 00 03 50 1B
2026-09-13 05:54:07.527,01 04 06 01 F0 00 00 00 00 21 57
2026-09-13 05:54:08.498,01 06 01 41 00 30 D8 36
2026-09-13 05:54:08.524,01 06 01 41 00 30 D8 36
2026-09-13 05:54:09.006,01 10 0B 13 00 03 06 00 E4 00 70 00 F0 43 B7
2026-09-13 05:54:09.040,01 10 0B 13 00 03 73 E9
2026-09-13 05:54:09.066,01 03 04 B0 00 05 85 1E
2026-09-13 05:54:09.100,01 03 0A 00 00 00 00 00 00 00 00 00 00 24 B6
2026-09-13 05:54:09.498,01 01 00 19 00 03 AD CC
2026-09-13 05:54:09.521,01 01 01 00 51 88
2026-09-13 05:54:09.998,01 02 00 04 00 0C 39 CE
2026-09-13 05:54:10.023,01 02 02 01 00 B8 28
2026-09-13 05:54:10.498,01 03 04 EC 00 0C 85 0A
2026-09-13 05:54:10.549,01 03 18 27 0F 00 1F 00 31 00 48 00 74 00 AE 00 F0 01 3B 01 98 01 FF 02 71 02 EE C1 35
2026-09-13 05:54:10.998,01 04 00 56 00 03 50 1B
2026-09-13 05:54:11.027,01 04 06 00 DD 00 00 00 00 8C 80
2026-09-13 05:54:12.506,01 10 0B 13 00 03 06 00 E3 00 67 01 02 C6 66
2026-09-13 05:54:12.540,01 10 0B 13 00 03 73 E9
2026-09-13 05:54:12.566,01 03 04 B0 00 05 85 1E
2026-09-13 05:54:12.600,01 03 0A 00 00 00 00 00 00 00 00 00 00 24 B6
2026-09-13 05:54:12.998,01 01 00 19 00 03 AD CC
2026-09-13 05:54:13.022,01 01 01 00 51 88
2026-09-13 05:54:13.498,01 02 00 04 00 0C 39 CE
2026-09-13 05:54:13.523,01 02 02 00 00 B9 B8
2026-09-13 05:54:13.998,01 03 04 EC 00 0C 85 0A
2026-09-13 05:54:14.049,01 03 18 27 0F 00 1F 00 31 00 48 00 74 00 AE 00 F0 01 3B 01 98 01 FF 02 71 02 EE C1 35
2026-09-13 05:54:14.498,01 04 00 56 00 03 50 1B
2026-09-13 05:54:14.527,01 04 06 03 72 00 00 00 00 58 AB
2026-09-13 05:54:15.498,01 06 01 41 00 21 18 3A
2026-09-13 05:54:15.524,01 06 01 41 00 21 18 3A
2026-09-13 05:54:16.006,01 10 0B 13 00 03 06 00 F0 00 71 00 FB 63 B3
2026-09-13 05:54:16.040,01 10 0B 13 00 03 73 E9
2026-09-13 05:54:16.066,01 03 04 B0 00 05 85 1E
2026-09-13 05:54:16.100,01 03 0A 00 00 00 00 00 00 00 00 00 00 24 B6
